PET,HEROARMR,RAGS,FABULOUS,MAGIROBE,DRAGON,NINJA,HUNTROBE,SHOGUN,FROGSUIT,LEAF,REDARMR,IRONARMR,PENGUIN,SHEEPY,PIGTAILS,MAGEROBE,SUMOSUIT,ROCKARMR,THIEF,KENDO,HOLYROBE,BUFFARMR,KAPPA,WINDARMR,DNASUIT,ANGEL,PIRATE,FISHY,GOLDARMR,SQUID,SAMURAI,JACKET,VAMPCAPE,ARABROBE,HARESUIT,LORDROBE,RIBBON,CHEF_HAT,JUDO,CYBORG,HUNTMSTR,BOXER,WHTROBE,CHICKEN,HOOTSUIT,LIONHART,TUXEDO,SWINDLER,CLOWN,BONECAPE,APRON,ROACH,OGREFACE,BIKER,NINOMIYA,FIREJIG,ZOMBIE,WOLFSUIT,REDPANTS,INVCLOAK,CARDBOX,MERTAIL,FLYSUIT,MOLEARMR,GOREARMR,TIGHTS,CLUCK,CAT_EARS,PRIEST,BALLET,UNIFORM,TAOIST,CAMO,BONESUIT,TRUNKS,QIPAO,DIVINER,SUPERMAN,ONESIE,TANKTOP,KILLER,PRISONER,MONK,MILITANT,AFRO,HOCKEY,QUEENLY
NONE,,,,,,,,,,SPDUP20,,,,,,,,,,,,,,,POISON,,,,,,,,,,,,,,GROUNDED,,,,,EARLY_BIRD,NIGHT_OWL,,,LUCKY,,,,,,PROVOKE,,,DEATHMARCH,,,SPDUP30,SURPRISE,,DASH,,,,AVOID_RISK,,,,,,,,,,,,,,,,,,,,
SLIME,RECOVERY2,ELEMUP10,RECOVERY5,,,,,,GUARDUP10,SPDUP20,,,,,,,,,,,MGUARDUP10,,MGUARDUP10,,POISON,,,,,,,,,,,,,,GROUNDED,,,,,EARLY_BIRD,NIGHT_OWL,,,LUCKY,,,,,,PROVOKE,,,DEATHMARCH,,GUARDUP10,SPDUP30,SURPRISE,,DASH,,,,AVOID_RISK,,RECOVERY10,,,,,,,,,,,,,AVOID_RISK,,,,,FENG_SHUI
ANTAGONY,ACCUP10,,,,POWUP10,,,POWUP20,,SPDUP20,POWUP10,,,,,,,,,POWUP10,,,,,POISON,,,,,,,,,,,,,,GROUNDED,,,,,EARLY_BIRD,NIGHT_OWL,,,LUCKY,,,,GUARDUP10,,PROVOKE,,,DEATHMARCH,,,SPDUP30,SURPRISE,,DASH,POWUP20,,POWUP10,AVOID_RISK,,,,,,POWUP30,,,,,,,CRITUP40,,,,,,,
HELLHARE,,,GUARDUP20,,,,ACCUP20,,,SPDUP20,,,,GUARDUP10,,,,,,,,,,,POISON,,,,,,,,,,DEMONDASH,,,,GROUNDED,,PETUP30,,,EARLY_BIRD,NIGHT_OWL,,,LUCKY,,,,,,PROVOKE,,,DEATHMARCH,,,SPDUP30,SURPRISE,,DASH,,,,AVOID_RISK,SPDUP20,,,,ELEMUP20,,,,,,,EXPUP30,,,,,,,,
HOTSTUFF,,MGUARDUP10,,MGUARDUP20,ELEMUP10,,,MGUARDUP20,,SPDUP20,,,,,,ELEMUP30,,,,,ELEMUP10,,,,POISON,,,,,,,,,,,,,,GROUNDED,,,,,EARLY_BIRD,NIGHT_OWL,,,LUCKY,,ELEMUP30,,,,PROVOKE,,ELEMUP30,DEATHMARCH,,,SPDUP30,SURPRISE,,DASH,,,,AVOID_RISK,,,,,,,,,EXPUP20,,,,,,,ELEMUP40,,,,
SPIDER,,,,,,,SLOWHIT,,,SPDUP20,POWUP10,,,,,,,,,GUARDUP10,,,,,POISON,,,,,,,,GUARDUP20,,,,POWUP20,,GROUNDED,,ACCUP20,,,EARLY_BIRD,NIGHT_OWL,,,LUCKY,SPDUP20,PETUP50,,,,PROVOKE,,,DEATHMARCH,,,SPDUP30,SURPRISE,,DASH,,,ARMTWISTER,AVOID_RISK,,,,,,AVOID_RISK,,,,ACCUP30,SPDUP30,,,,,,POWUP30,,,
EYEGUY,,ELEMUP10,,ELEMUP20,,,,,,SPDUP20,,,,,,MGUARDUP20,,,SPDUP10,,,,,ELEMUP20,POISON,,,,,,,,,,,,,,GROUNDED,,,,,EARLY_BIRD,NIGHT_OWL,,,LUCKY,CRITUP10,,,,,PROVOKE,,,DEATHMARCH,,,SPDUP30,SURPRISE,,DASH,,,,AVOID_RISK,,,,,,,,,,,,,,,,,,SPDUP20,,
MINIBEAR,GUARDUP10,,DASH,,,,,,,SPDUP20,POWUP20,GUARDUP10,,GUARDUP10,,,,GUARDUP10,,GUARDUP10,,,,,POISON,,,,GUARDUP10,,,,,,,,DASH,,GROUNDED,,PETUP30,,,EARLY_BIRD,NIGHT_OWL,POWUP20,,LUCKY,,,,,,PROVOKE,,,DEATHMARCH,,,SPDUP30,SURPRISE,,DASH,POWUP20,,,AVOID_RISK,POWUP20,,,,,,,GROUNDED,,,,POWUP40,,,,,,,,BIGDEFENSE
BAT,,MGUARDUP10,,MGUARDUP20,,SPDUP20,,,,SPDUP20,POWUP10,,,,,ELEMUP20,,,SPDUP20,,,,,,POISON,,,,,,,POWUP20,RECOVERY10,,,,,,GROUNDED,,,,,EARLY_BIRD,POWUP20,,,LUCKY,,ACCUP10,,,,PROVOKE,,,DEATHMARCH,,,SPDUP30,SURPRISE,,DASH,SPDUP20,ACCUP10,,AVOID_RISK,,,,,,ACCUP20,,,POWUP10,EXPUP20,,,,ACCUP30,SPDUP30,,,,ACCUP40,
MUDDY,,,,,,,,,,SPDUP20,,,,,,,,,,,,,,,POISON,,,,,,,,,,,,,,GROUNDED,,,,,EARLY_BIRD,NIGHT_OWL,,,LUCKY,,,,,,PROVOKE,,,DEATHMARCH,,,SPDUP30,SURPRISE,,DASH,GUARDUP20,,,AVOID_RISK,,,,EXPUP20,,GUARDUP30,,,,,,,,,SPDUP20,,,,GUARDUP40,
GARGOYLE,GUARDUP10,,,,POWUP10,,,POWUP10,,SPDUP20,POWUP10,GUARDUP20,,,,,,GUARDUP30,,,,GUARDUP20,,,POISON,,,,GUARDUP10,,,,,,,,,,GROUNDED,,,,,EARLY_BIRD,NIGHT_OWL,,,LUCKY,,,,,,PROVOKE,GUARDUP30,,DEATHMARCH,,,SPDUP30,SURPRISE,,DASH,,,,AVOID_RISK,,,,GUARDUP30,,,,,GUARDUP30,,,,MGUARDUP40,,,GUARDUP40,,,SURPRISE,
GRIMMY,,,,ELEMUP10,,MGUARDUP20,,,,SPDUP20,,MGUARDUP20,,,,ELEMUP20,,,SPDUP20,,,,,,POISON,,,,,,,MGUARDUP10,MGUARDUP10,,,,,,GROUNDED,,,,,EARLY_BIRD,MGUARDUP20,,,LUCKY,,ELEMUP20,,,,PROVOKE,,,DEATHMARCH,SPDUP10,,SPDUP30,SURPRISE,,DASH,,ELEMUP10,,AVOID_RISK,,,,,MGUARDUP20,,MGUARDUP40,,,DEVIL_LUCK,,,SPDUP20,,,MGUARDUP20,,,,
KILLABEE,POWUP10,,,,,,ACCUP20,,,SPDUP30,POWUP20,,,,,,,,,POWUP10,,,,SPDUP20,POISON,POWUP10,,,POWUP20,ACCUP10,POWUP30,,,,,,,,GROUNDED,,,,,EARLY_BIRD,NIGHT_OWL,,,LUCKY,,,,,,PROVOKE,,,DEATHMARCH,,,SPDUP30,SURPRISE,,DASH,POWUP10,,SPDUP10,AVOID_RISK,,,,,,,,,CRITUP30,,,,ACCUP20,,,,POWUP30,,,
TRIFFID,GUARDUP10,GUARDUP10,,,,,GUARDUP10,,,SPDUP20,,,,,,,,MGUARDUP20,,,,,,,POISON,,,,,,,,,,,,,,GROUNDED,,,,,EARLY_BIRD,SPDUP10,,,LUCKY,,,,,,PROVOKE,,,DEATHMARCH,,,SPDUP30,SURPRISE,PETUP30,DASH,,,,AVOID_RISK,,,,,,EXPUP20,,GUARDUP20,POWUP20,,,,,,,,,GUARDUP20,,
BULBEYE,,,,ELEMUP20,,,,,,SPDUP20,,,,,,ELEMUP20,,,,,,,,,POISON,,,,,,,,,,,,,,GROUNDED,,ELEMUP10,,,EARLY_BIRD,NIGHT_OWL,,,LUCKY,,,,,,PROVOKE,,,DEATHMARCH,,,SPDUP30,SURPRISE,PETUP30,DASH,,,,AVOID_RISK,,,,,,,,,GUARDUP30,,,,,,,,,POWUP20,,
GIRAFFE,POWUP10,,,,,,POWUP20,,,SPDUP20,,,,GUARDUP10,,,,,,,,,,,POISON,,,POWUP20,GUARDUP20,,,,,,,,,,GROUNDED,,ACCUP20,,,EARLY_BIRD,NIGHT_OWL,POWUP20,,LUCKY,SPDUP20,,,,,PROVOKE,,,DEATHMARCH,,,SPDUP30,SURPRISE,,DASH,,,,AVOID_RISK,GUARDUP20,,,,,,,,,,GUARDUP30,,,,,,POWUP30,,,POWUP40
HARPIE,,SPDUP20,,,,SPDUP10,ACCUP10,,,SPDUP20,,,,,SPDUP20,,,,,,,,,SPDUP30,POISON,SPDUP30,,,,,,,,,,,,,GROUNDED,,,,,SPDUP20,NIGHT_OWL,,,LUCKY,,,,,SPDUP20,PROVOKE,,,DEATHMARCH,,,SPDUP30,SURPRISE,,DASH,,,,AVOID_RISK,,ACCUP30,,,,,,,,,,ACCUP20,,,,,ACCUP40,,,
BEETLE,POWUP20,,,,,,,POWUP10,,SPDUP20,POWUP20,,,,,,,,,POWUP10,,,,,POISON,,,TREAUP10,,,,,,,,,,,GROUNDED,,POWUP20,,,EARLY_BIRD,NIGHT_OWL,,,LUCKY,,,,GUARDUP20,,PROVOKE,,,DEATHMARCH,,,SPDUP30,SURPRISE,,DASH,PETUP30,,,AVOID_RISK,,,,,,,,,,,POWUP40,,,,,,,,,
TREEVIL,,,,,,,GUARDUP10,,GUARDUP10,SPDUP20,,,,,,,GUARDUP20,GUARDUP20,,,,MGUARDUP20,MGUARDUP10,,POISON,,,,,,,,,,,,,,GROUNDED,,GUARDUP20,,,EARLY_BIRD,NIGHT_OWL,,,LUCKY,,,,,MGUARDUP20,PROVOKE,,GUARDUP10,DEATHMARCH,,,SPDUP30,SURPRISE,PETUP30,DASH,,,,AVOID_RISK,,,,,,,,,,,,,,,,,,,,
P.SHROOM,SPDUP10,SPDUP20,SPDUP30,,,SPDUP10,SPDUP20,,,SPDUP20,POWUP20,,,,,,,,,,,,,,POISON,,,ACCUP20,,SPDUP10,,,,,SPDUP30,,,,GROUNDED,,,,,EARLY_BIRD,NIGHT_OWL,,,LUCKY,,,,,,PROVOKE,,,DEATHMARCH,,,SPDUP30,SURPRISE,,DASH,,,,AVOID_RISK,,,SPDUP30,,,,,,AVOID_RISK,,,,,,,,,,,LUCK_UP
STUMPY,GUARDUP10,,RECOVERY2,MGUARDUP10,,,RECOVERY5,GUARDUP10,GUARDUP20,SPDUP20,,,,,,,,MGUARDUP20,,,,,,,POISON,,,,,,,,,,GUARDUP20,,,,GROUNDED,,MGUARDUP20,,,EARLY_BIRD,NIGHT_OWL,,,LUCKY,SPDUP10,,,,ACCUP10,PROVOKE,,ELEMUP20,DEATHMARCH,,,SPDUP30,SURPRISE,,DASH,,,,AVOID_RISK,,,,,,,,,,,,,,,,,,GUARDUP30,,
MAGMAN,POWUP10,ACCUP10,,ELEMUP10,ELEMUP20,,,,,SPDUP20,,,,,,ELEMUP10,,,,,,,,,POISON,,,,,,,,,,,,,,GROUNDED,,,,,EARLY_BIRD,NIGHT_OWL,,,LUCKY,,,,,,PROVOKE,,ELEMUP10,DEATHMARCH,,,SPDUP30,SURPRISE,,DASH,,,,AVOID_RISK,,,,,,,,,,,ELEMUP20,,,,,,,,,
COOL_GUY,GUARDUP10,SPDUP10,,ELEMUP10,,,,,,SPDUP20,,,ELEMUP20,,,ELEMUP10,,,,,,MGUARDUP10,,,POISON,,,,,,,,,,,,,,GROUNDED,,,,,EARLY_BIRD,NIGHT_OWL,,,LUCKY,,,,,,PROVOKE,,,DEATHMARCH,,,SPDUP30,SURPRISE,,DASH,,,,AVOID_RISK,,,,,,,,,,,,,,,,,,MGUARDUP40,,
MEGASLUG,MGUARDUP10,MGUARDUP10,PETUP30,MGUARDUP10,,,,,MGUARDUP20,SPDUP20,,,,,,MGUARDUP10,MGUARDUP10,,,,,,MGUARDUP10,,POISON,,,SPDUP20,,,,,,,,,,,GROUNDED,,,,,EARLY_BIRD,NIGHT_OWL,,,LUCKY,CRITUP10,,,,,PROVOKE,,,DEATHMARCH,,,SPDUP30,SURPRISE,PETUP30,DASH,,,,AVOID_RISK,,,,,GUARDUP30,,,,,,,GUARDUP40,,,,ANALYSIS,,,MGUARDUP40,
MERMAN,POWUP10,ACCUP10,,,,,,POWUP20,MGUARDUP20,SPDUP20,,,,,,,,,,,,,POWUP20,,POISON,,ACCUP20,,,POWUP10,,,,,,,,,GROUNDED,,,,,EARLY_BIRD,NIGHT_OWL,POWUP10,,LUCKY,,,,,,PROVOKE,,,DEATHMARCH,,,SPDUP30,SURPRISE,,DASH,,,TREAUP10,AVOID_RISK,,,,,,,,,,,,,,,,,POWUP30,,,
SHEEPISH,GUARDUP10,SPDUP10,GUARDUP20,,,,GUARDUP10,,,SPDUP20,,,GUARDUP20,GUARDUP30,GUARDUP10,,,,,,MGUARDUP10,,,,POISON,GUARDUP20,,,,,,,,,GUARDUP20,,GUARDUP20,,GROUNDED,,,,,EARLY_BIRD,NIGHT_OWL,GUARDUP10,,LUCKY,,,GUARDUP30,,,PROVOKE,,,DEATHMARCH,,,SPDUP30,SURPRISE,,DASH,,,,AVOID_RISK,,,,,,,,,GUARDUP30,,,BIGDEFENSE,,,,RECOVERY5,,POWUP20,,GUARDUP30
OSTRICH,,SPDUP20,,,,SPDUP10,SPDUP10,,,SPDUP20,,,,,SPDUP10,,,,SPDUP10,,,,,SPDUP20,POISON,,,,,,,,,,,,,,GROUNDED,,,,,EARLY_BIRD,NIGHT_OWL,,,LUCKY,,,,,,PROVOKE,,,DEATHMARCH,,,SPDUP30,SURPRISE,,DASH,,,,AVOID_RISK,,,,,,SPDUP20,,,,,SPDUP20,,,,,,,,,
GOLEM,GUARDUP10,MGUARDUP10,GUARDUP20,,GUARDUP10,,,GUARDUP20,,SPDUP20,,GUARDUP20,,,,,,GUARDUP30,,,,GUARDUP20,,,POISON,,,,GUARDUP10,,,,,,,,,,GROUNDED,,,,,EARLY_BIRD,NIGHT_OWL,,,LUCKY,,,,,,PROVOKE,GUARDUP10,,DEATHMARCH,,,SPDUP30,SURPRISE,,DASH,GUARDUP30,,,AVOID_RISK,,,,POWUP20,,,,,,,,,,,,,,,,
LAVAGLOB,,MGUARDUP10,,MGUARDUP20,MGUARDUP20,,,MGUARDUP10,,SPDUP20,ELEMUP10,,,,,ELEMUP10,,ELEMUP10,,,,MGUARDUP10,,,POISON,,,MGUARDUP10,,,,,,,,,,,GROUNDED,MGUARDUP10,,,,EARLY_BIRD,NIGHT_OWL,,,LUCKY,,MGUARDUP10,,,,PROVOKE,,,DEATHMARCH,,MGUARDUP20,SPDUP30,SURPRISE,,DASH,,,,AVOID_RISK,,,,,,,,,,,,,,,,,,,,
BESERKER,POWUP10,,PETUP50,,POWUP20,,,POWUP10,,SPDUP20,,,,,,,POWUP20,,,POWUP20,,,,,POISON,,,,,,,POWUP20,,,,,,,GROUNDED,,,ACCUP20,,EARLY_BIRD,NIGHT_OWL,,,LUCKY,,,,,,PROVOKE,,,DEATHMARCH,,,SPDUP30,SURPRISE,,DASH,,POWUP10,,AVOID_RISK,,,,,,,,,,,,,,POWUP20,,,ARMTWISTER,,POWUP30,
CHIMERA,ACCUP10,SPDUP10,,,ACCUP20,,,ACCUP10,,SPDUP20,,,,,,ACCUP10,,,,,,,,,POISON,ACCUP10,,,,,POWUP10,SPDUP10,ACCUP10,,,,,,GROUNDED,,ACCUP10,,,EARLY_BIRD,NIGHT_OWL,POWUP10,,LUCKY,SPDUP10,,,,,PROVOKE,,,DEATHMARCH,POWUP30,,SPDUP30,SURPRISE,,DASH,,,POWUP20,AVOID_RISK,,,,,,ACCUP20,,,,,,,,,,,ACCUP30,,,
LICKY,,,,,,,ACCUP10,,GUARDUP30,SPDUP20,,,,,,,,,SPDUP10,,MGUARDUP10,,MGUARDUP20,,POISON,,,RECOVERY5,,,,,,,,,,,GROUNDED,,,,,EARLY_BIRD,NIGHT_OWL,,,LUCKY,,,,,,PROVOKE,,,DEATHMARCH,,,SPDUP30,SURPRISE,,DASH,,,,AVOID_RISK,,,,,,,,,,,,,,,,,,,,
SKELETON,POWUP10,,,MGUARDUP10,,SPDUP10,,,,SPDUP20,,,,,,PETUP30,,,,,EXPUP10,,,,POISON,,POWUP10,,,,,POWUP20,GUARDUP20,,,,,,GROUNDED,,,,EXPUP10,EARLY_BIRD,NIGHT_OWL,,,LUCKY,,GUARDUP30,,,,PROVOKE,,,DEATHMARCH,,,SPDUP30,SURPRISE,,DASH,,,,AVOID_RISK,,,,,,,PETUP50,,,,,,,,,POWUP30,,ACCUP30,CRITUP20,
ZOMBIE,,,,,,,,,,SPDUP20,,,,,,MGUARDUP20,,,,,MGUARDUP10,,,,POISON,,,,,,,,MGUARDUP20,,,,,,GROUNDED,,,,,EARLY_BIRD,NIGHT_OWL,,,LUCKY,,MGUARDUP30,,,,PROVOKE,,,DEATHMARCH,,,SPDUP30,SURPRISE,,DASH,,,,AVOID_RISK,,,,,COUNTER,,,,,GUARDUP20,,,GUARDUP30,,,,,,MADMAN,
WRAITH,,SPDUP10,,,,SPDUP10,,,,SPDUP20,,,,,,SPDUP10,,,,,MGUARDUP10,,,SPDUP10,POISON,SPDUP20,,,,,,,SPDUP20,,,,,,GROUNDED,,,,PETUP50,EARLY_BIRD,NIGHT_OWL,,,LUCKY,,SPDUP20,,,,PROVOKE,,,DEATHMARCH,,,SPDUP30,SURPRISE,,DASH,,,,AVOID_RISK,MGUARDUP20,,,,,,ELEMUP40,,,,,,,,,ELEMUP40,,,,
DEATHGOD,,,,MGUARDUP10,,SPDUP20,,,,SPDUP20,,,,,,ELEMUP10,,,,,MGUARDUP10,,,,POISON,,,,,,,,ACCUP20,,,,,,GROUNDED,,,,GUTS,EARLY_BIRD,NIGHT_OWL,,,LUCKY,,POWUP20,,,,PROVOKE,,,DEATHMARCH,ACCUP20,,SPDUP30,SURPRISE,,DASH,,ACCUP20,,AVOID_RISK,,,,,GUTS,,GUTS,,,,,,,,DEVIL_LUCK,ACCUP30,,,,
UNDINE,MGUARDUP10,MGUARDUP20,,MGUARDUP30,,,,,MGUARDUP30,SPDUP20,,,MGUARDUP20,,,ELEMUP20,,,,,MGUARDUP10,,RECOVERY5,,POISON,,LUCK_UP,MGUARDUP10,,MGUARDUP30,,,,,,,,,GROUNDED,,,,,EARLY_BIRD,NIGHT_OWL,,,LUCKY,,,MGUARDUP10,RECOVERY10,,PROVOKE,,,DEATHMARCH,,,SPDUP30,SURPRISE,ELEMUP20,DASH,,,,AVOID_RISK,,,,,,,,POWUP40,,,,,,,,,,,,
MR.GERMS,POWUP10,,SPDUP10,,,,,,,SPDUP20,POWUP10,,,,POWUP20,,,,,,,,,,POISON,,SPDUP20,SPDUP10,,,POWUP10,GUARDUP10,,SPDUP20,,SPDUP20,GUARDUP20,,GROUNDED,,,,,EARLY_BIRD,NIGHT_OWL,,,LUCKY,SPDUP20,,,,,PROVOKE,,,DEATHMARCH,,,SPDUP30,SURPRISE,,DASH,,,,AVOID_RISK,,,,,,,,,POWUP20,,,DEVIL_LUCK,,EXPUP20,POWUP30,,,,,
CENTAUR,,,,,,,GUARDUP20,GUARDUP10,,SPDUP20,ACCUP10,,,,,,,,,ACCUP20,,,,,POISON,,,,,,ACCUP20,GUARDUP10,,ACCUP20,,ACCUP20,,,GROUNDED,,GUARDUP10,,,EARLY_BIRD,NIGHT_OWL,GUARDUP20,,LUCKY,,,,,,PROVOKE,,SPDUP10,DEATHMARCH,POWUP10,,SPDUP30,SURPRISE,,DASH,ACCUP20,,GUARDUP10,AVOID_RISK,,,,,,,,,,,ACCUP20,,,,,,,,,
DRAGON,GUARDUP10,MGUARDUP10,,,GUARDUP30,,,GUARDUP20,,SPDUP20,POWUP10,GUARDUP10,,,,,,,,,,,,SPDUP10,POISON,SPDUP10,,,GUARDUP10,,,POWUP10,,,,,,,GROUNDED,,,,,EARLY_BIRD,NIGHT_OWL,ACCUP10,,LUCKY,,,,,SPDUP10,PROVOKE,,,DEATHMARCH,,,SPDUP30,SURPRISE,,DASH,,,,AVOID_RISK,,,,,,MGUARDUP30,,,,,,,,POWUP20,,,GUARDUP30,,,
DAEMON,,,,MGUARDUP20,MGUARDUP20,ACCUP10,,POWUP20,,SPDUP20,,,,,,ELEMUP10,,,,,,,,ACCUP10,POISON,,,CRITUP10,,,ELEMUP10,,,,,,,,GROUNDED,,,POWUP10,,EARLY_BIRD,NIGHT_OWL,,,LUCKY,,MGUARDUP20,,,SPDUP20,PROVOKE,,,DEATHMARCH,,,SPDUP30,SURPRISE,,DASH,,TREAUP10,TREAUP20,AVOID_RISK,,,,,,,,,,ELEMUP20,,,,ACCUP30,,,,,POWUP30,
SIRSLIME,,GOLDUP10,LUCK_UP,,,,,,SPDUP10,SPDUP20,,,MGUARDUP10,MGUARDUP20,RECOVERY5,,RECOVERY10,,TREAUP10,,,,,,POISON,SPDUP10,,GUARDUP10,,CRITUP20,,,,SPDUP20,,SPDUP20,MGUARDUP20,,GROUNDED,,,EXPUP10,,EARLY_BIRD,NIGHT_OWL,,,LUCKY,,,CRITUP20,TREAUP20,,PROVOKE,,,DEATHMARCH,,,SPDUP30,SURPRISE,RECOVERY2,DASH,,,,AVOID_RISK,,,,,,,,,,,,GOLDUP30,,,,,,GROUNDED,,EXPUP20
PUMPKIN,,,GUARDUP10,,,,GUARDUP10,,,SPDUP20,,,,,,,,,,GUARDUP10,,,,,POISON,,,,,,,,,,GUARDUP20,,,,GROUNDED,,,,,EARLY_BIRD,NIGHT_OWL,,GUARDUP10,LUCKY,,,,,,PROVOKE,,GUARDUP10,DEATHMARCH,,,SPDUP30,SURPRISE,,DASH,,,,AVOID_RISK,,,,,,EXPUP30,,,GOLDUP20,,,,,,,,,,,
DWARF,,SPDUP10,SPDUP10,,,SPDUP10,ACCUP10,GUARDUP10,,SPDUP20,,GUARDUP20,,,,,,MGUARDUP20,,,,GUARDUP10,,,POISON,,,,GUARDUP10,,,,,,,,GUARDUP20,,GROUNDED,,,,,EARLY_BIRD,NIGHT_OWL,,,LUCKY,,,,,GUARDUP20,PROVOKE,GUARDUP10,,DEATHMARCH,,,SPDUP30,SURPRISE,,DASH,SPDUP30,,,AVOID_RISK,,,,GOLDUP20,,,,,,,CRITUP20,,,,,,,,,AVOID_RISK
TROLL,,,GUARDUP30,,POWUP20,,,POWUP20,,SPDUP20,,,,,,,,,,,,,,,POISON,,,,,,,,,,,,GUARDUP20,,GROUNDED,,GUARDUP10,,,EARLY_BIRD,NIGHT_OWL,POWUP10,,LUCKY,,,,,,PROVOKE,,POWUP10,DEATHMARCH,,,SPDUP30,SURPRISE,,DASH,,,,AVOID_RISK,,,,,,,,,,,,,,,,,,POWUP30,,
FLY_EYE,,SPDUP10,,MGUARDUP10,,SPDUP10,,,,SPDUP20,ACCUP10,,,MGUARDUP10,,ELEMUP20,,,SPDUP10,,,,,MGUARDUP20,POISON,SPDUP20,,,GUARDUP10,,,,,,,,,,GROUNDED,,,,,EARLY_BIRD,NIGHT_OWL,,SPDUP20,LUCKY,ELEMUP10,ELEMUP20,,,SPDUP20,PROVOKE,,,DEATHMARCH,,,SPDUP30,SURPRISE,,DASH,,,,AVOID_RISK,,,,,,,,,,,,,,,,,,,,
TORNADO,GUARDUP10,,,,,,GUARDUP10,ACCUP10,,SPDUP20,,MGUARDUP10,,,SPDUP10,,,,,,,MGUARDUP20,,SPDUP30,POISON,ACCUP20,,,,,POWUP10,,,,,,,,GROUNDED,,MGUARDUP20,,,EARLY_BIRD,NIGHT_OWL,,,LUCKY,,,,,ACCUP30,PROVOKE,,,DEATHMARCH,,,SPDUP30,SURPRISE,,DASH,,,,AVOID_RISK,,,,,SPDUP20,,,,,,,,,GUARDUP20,SPDUP30,,,ACCUP30,,
EATROOT,,,CRITUP10,,,,CRITUP20,,,SPDUP20,CRITUP10,,,,,,,,,,,,SPDUP20,,POISON,,,GOLDUP10,,,,,GUARDUP10,CRITUP30,RECOVERY5,CRITUP30,SPDUP10,,GROUNDED,,,,,EARLY_BIRD,NIGHT_OWL,,,LUCKY,CRITUP20,,POWUP30,,,PROVOKE,,SPDUP10,DEATHMARCH,,,SPDUP30,SURPRISE,PETUP30,DASH,,,,AVOID_RISK,,,,,,SPDUP20,,,,,,,,,,,,,,
B.KNIGHT,GUARDUP10,,,,GUARDUP10,GUARDUP10,,GUARDUP10,,SPDUP20,,GUARDUP20,,,,GUARDUP10,,,,GUARDUP10,,GUARDUP10,,,POISON,,,,,,,GUARDUP10,GUARDUP20,,,,,,GROUNDED,,,,,EARLY_BIRD,NIGHT_OWL,,GUARDUP20,LUCKY,,,,,,PROVOKE,,,DEATHMARCH,,,SPDUP30,SURPRISE,,DASH,,POWUP20,,AVOID_RISK,,,,,,,POWUP20,,,,,,POWUP30,,,POWUP30,,,GUARDUP30,
OCTOPUS,,,MGUARDUP10,,,,,MGUARDUP20,ELEMUP10,SPDUP20,,,,,,,,,,,,,GUARDUP10,,POISON,,POWUP20,POWUP10,,,,,,,,,,,GROUNDED,,,,,EARLY_BIRD,NIGHT_OWL,,,LUCKY,,,GUARDUP10,,,PROVOKE,,,DEATHMARCH,,,SPDUP30,SURPRISE,POWUP20,DASH,,,,AVOID_RISK,,,,,,,,ACCUP30,,,,,,,,,,,,
SQUID,ACCUP10,ACCUP20,,,,,,,ACCUP20,SPDUP20,,,ACCUP10,,,,,,,,,,,,POISON,,POWUP10,ACCUP10,,POWUP30,POWUP10,,,,,,,,GROUNDED,,,,,EARLY_BIRD,NIGHT_OWL,,,LUCKY,,,,,,PROVOKE,,,DEATHMARCH,,,SPDUP30,SURPRISE,ACCUP20,DASH,,,,AVOID_RISK,,,,,,,,SPDUP30,,,,,,,,,,ACCUP30,,
MERMAID,,,,MGUARDUP10,GUARDUP10,,,,MGUARDUP20,SPDUP20,,,,,,,,,,,,,ACCUP20,,POISON,,ACCUP10,,,GUARDUP10,,,,,,,,,GROUNDED,,,,,EARLY_BIRD,NIGHT_OWL,,,LUCKY,,,,,,PROVOKE,,,DEATHMARCH,,,SPDUP30,SURPRISE,MGUARDUP20,DASH,,,,AVOID_RISK,,,,,,,,GUARDUP40,,,MGUARDUP30,,,,,,,,,
WISP,,,ELEMUP10,MGUARDUP20,,,,,,SPDUP20,,,,MGUARDUP10,ELEMUP10,MGUARDUP10,,,,,MGUARDUP20,,,,POISON,ACCUP20,,,,,,,,,SPDUP10,,MGUARDUP20,,GROUNDED,,,,MGUARDUP30,EARLY_BIRD,NIGHT_OWL,MGUARDUP10,,LUCKY,,MGUARDUP10,GOLDUP10,,,PROVOKE,,ACCUP10,DEATHMARCH,,,SPDUP30,SURPRISE,,DASH,,,,AVOID_RISK,MGUARDUP30,MAGIWALL,,,HEALER,,,,,ELEMUP30,,,,,,EXPUP30,,,,
ICEBIRD,MGUARDUP10,SPDUP10,,ELEMUP20,,,,MGUARDUP10,,SPDUP20,,,MGUARDUP20,,,,,,,,MGUARDUP10,MGUARDUP10,,SPDUP10,POISON,GUARDUP10,,,,,,,,,,,,,GROUNDED,,,,,EARLY_BIRD,NIGHT_OWL,,,LUCKY,,,,,,PROVOKE,,,DEATHMARCH,,,SPDUP30,SURPRISE,,DASH,,,,AVOID_RISK,,,,,,,,,,,,SPDUP20,,,,,,,MGUARDUP40,
BEHEMOTH,GUARDUP20,,,,GUARDUP20,,,GUARDUP20,,SPDUP20,POWUP20,,,,,GUARDUP10,POWUP20,,,POWUP20,,,,ACCUP10,POISON,ACCUP10,,,,,POWUP20,CRITUP20,,GUARDUP10,,GUARDUP10,,,GROUNDED,,GUARDUP10,ACCUP10,,EARLY_BIRD,NIGHT_OWL,GUARDUP10,,LUCKY,,,,,,PROVOKE,,,DEATHMARCH,POWUP20,POWUP30,SPDUP30,SURPRISE,,DASH,,,,AVOID_RISK,,,,,,,,,,,,,,POWUP30,,,ACCUP30,,,
GRIFFON,MGUARDUP10,MGUARDUP20,,MGUARDUP20,,,,GUARDUP10,,SPDUP20,,GUARDUP10,,,MGUARDUP20,MGUARDUP10,,,GOLDUP10,,,,,,POISON,,GOLDUP20,,,,,,,,,,MGUARDUP10,,GROUNDED,,,,,EARLY_BIRD,NIGHT_OWL,,MGUARDUP20,LUCKY,,,,,MGUARDUP20,PROVOKE,MGUARDUP30,,DEATHMARCH,,,SPDUP30,SURPRISE,,DASH,,,,AVOID_RISK,,EXPUP20,,,,,,,POWUP30,,POWUP20,,,,JAMMY,POWUP30,,,,
G.SLIME,,,,,,,,,TREAUP10,SPDUP20,,,,,,,,,CRITUP20,,,,,SPDUP20,POISON,,,,,,,,,,,,,,GROUNDED,,,,,EARLY_BIRD,NIGHT_OWL,,,LUCKY,,,,,,PROVOKE,,SPDUP10,DEATHMARCH,,,SPDUP30,SURPRISE,,DASH,,,,AVOID_RISK,,,,,,BODYSLAM,,,,,,,,,,,,MGUARDUP30,,
MINOTAUR,GUARDUP10,,GUARDUP20,,ACCUP10,,,GUARDUP20,,SPDUP20,,,,,,,,,,POWUP20,,,,,POISON,,POWUP10,,,,,GUARDUP10,,,,,,,GROUNDED,,ACCUP10,,,EARLY_BIRD,NIGHT_OWL,,,LUCKY,,,,,,PROVOKE,,,DEATHMARCH,,,SPDUP30,SURPRISE,,DASH,,,,AVOID_RISK,,,,,,,,,,,,,,,,,,,,
SNOWMAN,,,ELEMUP10,MGUARDUP10,,,,,,SPDUP20,,,MGUARDUP30,,,,GUARDUP20,GUARDUP10,,,,,,,POISON,,,,,,,,,,GUARDUP10,,,,GROUNDED,,,,GUARDUP20,EARLY_BIRD,NIGHT_OWL,,,LUCKY,,,MGUARDUP20,,,PROVOKE,,,DEATHMARCH,,,SPDUP30,SURPRISE,,DASH,,,,AVOID_RISK,,,,,,,,,,,,LUCK_UP,,,,,,ELEMUP20,GUARDUP40,
SORCERER,,MGUARDUP30,,MGUARDUP20,,,,,,SPDUP20,,,ELEMUP20,,,ELEMUP20,,,,,MGUARDUP20,,,,POISON,,,,,,,,MGUARDUP10,,,,MGUARDUP10,,GROUNDED,,,,,EARLY_BIRD,NIGHT_OWL,,,LUCKY,,,,,,PROVOKE,,,DEATHMARCH,,,SPDUP30,SURPRISE,,DASH,,,,AVOID_RISK,,,ELEMUP20,,ELEMUP20,,,,,MGUARDUP40,,,,,MGUARDUP20,,,,,
G.SHROOM,,SPDUP10,SPDUP10,,,SPDUP10,SPDUP10,,,SPDUP30,,,,,,,,,,,,,,SPDUP20,POISON,,,POWUP20,,,,,,,SPDUP10,,,,GROUNDED,,,,,EARLY_BIRD,NIGHT_OWL,,,LUCKY,SPDUP20,MGUARDUP10,,,,PROVOKE,,,DEATHMARCH,,,SPDUP30,SURPRISE,,DASH,,,SPDUP10,AVOID_RISK,,,,,,,,,,,,,,,GUTS,,,,,
MUDMAN,,GUARDUP20,GUARDUP20,,,,,GUARDUP10,,SPDUP20,,GUARDUP10,,,,,,GUARDUP20,,,,MGUARDUP10,,,POISON,,,MGUARDUP20,,,,,,SPDUP20,,SPDUP20,,,GROUNDED,,,,,EARLY_BIRD,NIGHT_OWL,GUARDUP10,,LUCKY,,PETUP30,,,,PROVOKE,,POWUP10,DEATHMARCH,,,SPDUP30,SURPRISE,,DASH,POWUP10,,,AVOID_RISK,,,GUARDUP20,,,ARMTWISTER,,,,,,,,,,GUARDUP40,JAMMY,,,
MUMMY,,,,GUARDUP20,,,,,,SPDUP20,,,,MGUARDUP10,,GUARDUP20,GUARDUP30,,TREAUP20,,GUARDUP10,,,,POISON,ACCUP10,GUARDUP10,,,GUARDUP20,,GUARDUP30,MGUARDUP20,GUARDUP10,,GUARDUP10,GUARDUP20,,GROUNDED,,,,MGUARDUP20,EARLY_BIRD,NIGHT_OWL,,,LUCKY,,SCAPEGOAT,,,,PROVOKE,,,DEATHMARCH,,,SPDUP30,SURPRISE,,DASH,,,,AVOID_RISK,,,,,,,ACCUP20,,,,,,,,GUARDUP40,,,,,
TERRAPIN,GUARDUP20,,,,GUARDUP10,,,GUARDUP30,,SPDUP20,GUARDUP10,GUARDUP30,,,,,,GUARDUP20,,,,GUARDUP20,,,POISON,,,GUARDUP20,GUARDUP20,,,,,,,,,,GROUNDED,,,,,EARLY_BIRD,NIGHT_OWL,,,LUCKY,,,,,,PROVOKE,,,DEATHMARCH,,,SPDUP30,SURPRISE,GUARDUP30,DASH,,,,AVOID_RISK,,,,,,,,CRITUP40,,,GUARDUP40,,,,,,,,,
S.DRAGON,ACCUP10,SPDUP10,,,ACCUP20,,ACCUP10,ACCUP10,,SPDUP20,,,,,,,,,,,,,,SPDUP20,POISON,MGUARDUP20,,,GUARDUP10,,,POWUP20,,ACCUP10,,ACCUP10,,,GROUNDED,,,,,EARLY_BIRD,NIGHT_OWL,,,LUCKY,,,,,POWUP10,PROVOKE,,,DEATHMARCH,,,SPDUP30,SURPRISE,,DASH,,,,AVOID_RISK,,,,,,,,,POWUP30,,,,,,,,,ACCUP30,,
FALLEN,,,MGUARDUP20,MGUARDUP10,,ACCUP10,,,,SPDUP20,,,,,ACCUP30,ELEMUP10,,,,,POWUP20,,,MGUARDUP20,POISON,CRITUP30,,,,,CRITUP20,,,,,,,,GROUNDED,,,,GUARDUP20,EARLY_BIRD,NIGHT_OWL,,SPDUP10,LUCKY,ACCUP20,GUARDUP10,,,ACCUP20,PROVOKE,,,DEATHMARCH,,,SPDUP30,SURPRISE,,DASH,,,,AVOID_RISK,,BIDE,,,,,,,,,,,,,,ELEMUP20,,,,
EVILEYE,,,,MGUARDUP20,MGUARDUP10,ACCUP10,,,,SPDUP20,ELEMUP10,,,,,ELEMUP20,,,TREAUP10,CRITUP20,MGUARDUP10,MGUARDUP20,,,POISON,,,ELEMUP10,,,,,MGUARDUP20,,,,,,GROUNDED,,,,,EARLY_BIRD,NIGHT_OWL,,,LUCKY,CRITUP20,ELEMUP30,,,,PROVOKE,,,DEATHMARCH,,,SPDUP30,SURPRISE,,DASH,,,,AVOID_RISK,,,,,,,,,,ACCUP40,,,,ELEMUP40,,,,,,
G.KNIGHT,MGUARDUP10,,,,,,,MGUARDUP20,,SPDUP20,POWUP20,GUARDUP20,,,,,,MGUARDUP10,GOLDUP10,MGUARDUP10,,MGUARDUP20,,,POISON,GOLDUP10,GOLDUP10,,GOLDUP30,,,,,GOLDUP20,,GOLDUP20,,,GROUNDED,,,,,EARLY_BIRD,NIGHT_OWL,,,LUCKY,,,,,,PROVOKE,,,DEATHMARCH,,,SPDUP30,SURPRISE,,DASH,,,,AVOID_RISK,,,,,,,,,,,POWUP30,GUARDUP40,,,GOLDUP40,,MGUARDUP40,TREAUP20,,
FRYGOLEM,MGUARDUP10,,,MGUARDUP20,MGUARDUP20,,,MGUARDUP20,,SPDUP20,POWUP30,MGUARDUP10,,,,,,GUARDUP20,,,MGUARDUP10,MGUARDUP20,,,POISON,,,,,,,,,,,,,,GROUNDED,,,,,EARLY_BIRD,NIGHT_OWL,,,LUCKY,,,,,,PROVOKE,,MGUARDUP30,DEATHMARCH,,MGUARDUP20,SPDUP30,SURPRISE,,DASH,,,,AVOID_RISK,,,,,,,,,,,MGUARDUP40,,,,,,,ELEMUP40,,
WITCHER,,,,,,,,,,SPDUP20,,,,,,,,,,,,,,,POISON,,,,,,,,,,,,,,GROUNDED,,,,,EARLY_BIRD,NIGHT_OWL,,,LUCKY,,,,,,PROVOKE,,,DEATHMARCH,,,SPDUP30,SURPRISE,,DASH,,,,AVOID_RISK,,,,EXPUP20,BIDE,,,POWUP20,,,,,EXPUP30,,,GOLDUP20,,,,
DETHROOT,CRITUP10,,CRITUP20,,,,CRITUP30,GUARDUP20,,SPDUP20,CRITUP30,,,,,,,GUARDUP20,CRITUP10,,,,,,POISON,,,,,,,,,,,,,,GROUNDED,,CRITUP30,,,EARLY_BIRD,NIGHT_OWL,CRITUP10,,LUCKY,,,,,,PROVOKE,,CRITUP10,DEATHMARCH,,,SPDUP30,SURPRISE,,DASH,POWUP20,,,AVOID_RISK,,,,,,,,,ACCUP30,,,,,,,,,,,
B.SHROOM,,SPDUP10,,SPDUP20,ACCUP10,SPDUP20,,,,SPDUP30,,,,,,SPDUP20,,,ACCUP20,,,,,,POISON,,SPDUP10,,,,,SPDUP20,SPDUP10,,,,,,GROUNDED,,,,,EARLY_BIRD,NIGHT_OWL,,SPDUP20,LUCKY,,CRITUP20,,SPDUP10,,PROVOKE,,,DEATHMARCH,SPDUP30,,SPDUP30,SURPRISE,,DASH,,,,AVOID_RISK,,,,,,,,,,,,,,RETALIATE,,,,POWUP30,,
PHOENIX,,,MGUARDUP10,MGUARDUP20,ELEMUP20,,,POWUP30,,SPDUP20,ACCUP20,,,,SPDUP20,ELEMUP10,,,,GUTS,MGUARDUP20,,,SPDUP10,POISON,MGUARDUP20,,,,,,POWUP20,,,,,,,GROUNDED,,,GROUNDED,,EARLY_BIRD,NIGHT_OWL,,,LUCKY,,,,,,PROVOKE,,,DEATHMARCH,,GUTS,SPDUP30,SURPRISE,,DASH,,,,AVOID_RISK,,RECOVERY10,,,,,,,,,ACCUP40,,,,,,ELEMUP30,,,GUTS
AHRIMAN,ACCUP10,ELEMUP10,,MGUARDUP30,,ACCUP20,,,,SPDUP20,,,,,,ELEMUP30,,,,,,,,,POISON,,,PETUP50,,,,ACCUP20,MGUARDUP20,,,,,,GROUNDED,,,,,EARLY_BIRD,NIGHT_OWL,POWUP10,ACCUP20,LUCKY,CRITUP20,MGUARDUP30,,,POWUP10,PROVOKE,,,DEATHMARCH,ACCUP20,,SPDUP30,SURPRISE,,DASH,,ACCUP20,,AVOID_RISK,,,,,ANALYSIS,,,,,CRITUP40,,,,,,,,,,
MEDUSA,MGUARDUP20,,,ELEMUP20,ACCUP20,,POWUP10,,SPDUP30,SPDUP20,ELEMUP20,,,,MGUARDUP20,ELEMUP20,,MGUARDUP30,,,ACCUP10,,,,POISON,,POWUP20,,,POWUP20,,ACCUP20,MGUARDUP20,,,,,,GROUNDED,,GUARDUP20,,,EARLY_BIRD,NIGHT_OWL,ACCUP20,,LUCKY,ACCUP30,GUARDUP30,,,,PROVOKE,,,DEATHMARCH,,,SPDUP30,SURPRISE,,DASH,,ELEMUP20,,AVOID_RISK,,,,,,,,,ACCUP40,,,,SLOWHIT,,,,,,,
ZOMBLE,,,POWUP20,,,,,,,SPDUP20,,,,,,GUARDUP20,,,,,,,,,POISON,,,,,,GUARDUP10,,SCAPEGOAT,,,,,,GROUNDED,,,,EXPUP10,EARLY_BIRD,NIGHT_OWL,,,LUCKY,,POWUP20,,,,PROVOKE,,,DEMONDASH,,,SPDUP30,SURPRISE,,DASH,,,,AVOID_RISK,,,,,,,,,,,,,,,,,,EXPUP20,,
Y.DRAGON,POWUP10,SPDUP10,SPDUP20,,ACCUP30,,ACCUP20,POWUP10,,SPDUP20,SPDUP20,,,MGUARDUP20,,,,,,,,,,POWUP20,POISON,SPDUP20,,,GUARDUP20,,CRITUP20,,,,,,,,GROUNDED,POWUP20,,,,EARLY_BIRD,NIGHT_OWL,POWUP20,,LUCKY,,,,,SPDUP20,PROVOKE,,,DEATHMARCH,,,SPDUP30,SURPRISE,,DASH,,,,AVOID_RISK,,,,,,,,,,,,,,,,,,,,
BIRD,,,SPDUP20,MGUARDUP10,,,,MGUARDUP20,,SPDUP20,ACCUP20,,SPDUP10,,SPDUP20,,,,,,ACCUP20,,,ACCUP20,POISON,SPDUP20,,,,SPDUP20,,,,,SPDUP20,,SPDUP30,,GROUNDED,,,,SPDUP30,EARLY_BIRD,NIGHT_OWL,,,LUCKY,,,,,ACCUP20,PROVOKE,,,DEATHMARCH,,,SPDUP30,SURPRISE,,DASH,,,,AVOID_RISK,TREAUP20,,ACCUP20,,EARLY_BIRD,,,,,,,,,,,,,SPDUP30,,
BLADE,POWUP10,,,,POWUP20,POWUP10,,POWUP30,,SPDUP20,POWUP20,POWUP10,,,,,,POWUP10,,POWUP20,,POWUP10,,POWUP10,POISON,,POWUP10,,POWUP10,,POWUP30,,,,,,,,GROUNDED,,,,,EARLY_BIRD,NIGHT_OWL,POWUP10,,LUCKY,,,,,,PROVOKE,,,DEATHMARCH,POWUP10,,SPDUP30,SURPRISE,,DASH,,,,AVOID_RISK,,,,,,,,,,,,,,ACROBAT,,POWUP40,,,,
CERBERUS,,,,,POWUP20,ACCUP20,ACCUP10,SPDUP20,,SPDUP20,POWUP20,,,,GUARDUP10,MGUARDUP20,,,SPDUP20,,,,,,POISON,,,PETUP30,,,,SPDUP20,GUARDUP10,GUARDUP10,,GUARDUP10,,,GROUNDED,,GUARDUP10,,,EARLY_BIRD,NIGHT_OWL,,GUARDUP20,LUCKY,SPDUP20,MGUARDUP20,,,,PROVOKE,,,DEATHMARCH,,SPDUP10,SPDUP30,SURPRISE,,DASH,,,,AVOID_RISK,,,,,,,,,,,,,,,CRITUP30,,SPDUP20,,,
POOSLIME,,,LUCK_UP,,,,,,,SPDUP20,,,,,,,,,,,,,,,POISON,,,DEMONDASH,,,,,,,,,,,GROUNDED,,,,,EARLY_BIRD,NIGHT_OWL,,,LUCKY,,,,,,DASH,,,DEATHMARCH,,,SPDUP30,SURPRISE,,DASH,,,,AVOID_RISK,,,,EXPUP20,,JAMMY,,,,,,,,,,,,,,CRITUP40
MAGNEYE,MGUARDUP10,,,,,,,,,SPDUP20,MGUARDUP10,MGUARDUP30,,,,,,MGUARDUP10,,,,MGUARDUP20,,MGUARDUP10,POISON,,,,MGUARDUP20,,,,,,,,,,GROUNDED,,,,,EARLY_BIRD,NIGHT_OWL,,,LUCKY,,,,,,PROVOKE,MGUARDUP30,,DEATHMARCH,,,SPDUP30,SURPRISE,,DASH,,,SPDUP20,AVOID_RISK,,,,,,,,,,,,,,,,,,,ACCUP40,
DETHMAGE,,,,ELEMUP30,,,,,,SPDUP20,,,,,,ELEMUP20,,,,,ELEMUP30,,,,POISON,,,,,,,,,,,,,,GROUNDED,,,,,EARLY_BIRD,NIGHT_OWL,,,LUCKY,,ELEMUP30,,,,PROVOKE,,,DEATHMARCH,,,SPDUP30,SURPRISE,,DASH,,CRITUP30,,AVOID_RISK,,,,,MAGIWALL,,,,,RETALIATE,,,,,,,,,,
D.KNIGHT,MGUARDUP10,,,,,,,MGUARDUP20,,SPDUP20,ELEMUP20,,MGUARDUP20,,,,,,,,,MGUARDUP20,,,POISON,,,,,,,,,,,,,,GROUNDED,,,,MGUARDUP30,EARLY_BIRD,NIGHT_OWL,,,LUCKY,,POWUP20,,,,PROVOKE,,,DEATHMARCH,,,SPDUP30,SURPRISE,,DASH,,ELEMUP30,,AVOID_RISK,,,,,,,POWUP30,,,,,,,,,,,,ELEMUP40,
SATAN,,,,,ACCUP20,SPDUP10,,POWUP20,,SPDUP20,,,,,,MGUARDUP20,,,,,,,,SPDUP10,POISON,,,,,,POWUP20,,MGUARDUP10,,,,,,GROUNDED,,,,,EARLY_BIRD,NIGHT_OWL,,,LUCKY,,GUARDUP10,,,SPDUP10,PROVOKE,,,DEATHMARCH,,,SPDUP30,SURPRISE,,DASH,,,,AVOID_RISK,,,,,,,,,,,ACCUP30,,,,POWUP30,,,,,
SCORPION,,,,,ACCUP10,ACCUP20,ACCUP20,ACCUP10,,SPDUP20,WEAKNESSUP,,,,,CRITUP20,,,,,,,,,POISON,,ACCUP10,,,,,GUARDUP20,,,,,,,GROUNDED,,,,,EARLY_BIRD,NIGHT_OWL,,,LUCKY,,,,,,PROVOKE,,,DEATHMARCH,,,SPDUP30,SURPRISE,,DASH,,POISON,,AVOID_RISK,,,,,,,,,,,,,,BIDE,,,,,,
GASCLOUD,,,,MGUARDUP20,MGUARDUP30,,,ELEMUP20,,SPDUP20,SPDUP20,,,,,ELEMUP20,,,,,,,,,POISON,,,,,,,,,,,,,,GROUNDED,,,,ELEMUP20,EARLY_BIRD,NIGHT_OWL,,ELEMUP20,LUCKY,,,MGUARDUP20,,,PROVOKE,,ELEMUP30,DEATHMARCH,,CRITUP30,SPDUP30,SURPRISE,,DASH,,,,AVOID_RISK,,,,,,ELEMUP20,,,,ELEMUP20,,,,,,,ELEMUP30,,,
MAGSLIME,,ELEMUP20,ELEMUP20,ELEMUP20,ELEMUP20,,,ELEMUP10,,SPDUP20,,,,,ELEMUP20,ELEMUP20,,,,,,,,,POISON,,,,,,,,,,,,,,GROUNDED,,,,,EARLY_BIRD,NIGHT_OWL,,,LUCKY,,,ELEMUP20,,,PROVOKE,,ELEMUP20,DEATHMARCH,,,SPDUP30,SURPRISE,,DASH,,,,AVOID_RISK,,,,,,,,,,,,,,,,,,,,
ROT_GOD,,,,,,SPDUP30,,,,SPDUP20,,,,,,SPDUP20,,,SPDUP30,,,,,,POISON,,,,,,,,SPDUP20,,,,,,GROUNDED,,,,,EARLY_BIRD,NIGHT_OWL,,SPDUP30,LUCKY,,SPDUP20,,,,PROVOKE,,,DEATHMARCH,,,SPDUP30,SURPRISE,,DASH,,,,AVOID_RISK,,,,,,,,,,MGUARDUP40,,,SPDUP30,,,MGUARDUP40,,,,
MASK,,,WALL,,,,,,,SPDUP20,,,,,,,,,,BIGDEFENSE,,,,,POISON,,,,,,,,,,,,,,GROUNDED,,,,,EARLY_BIRD,NIGHT_OWL,,,LUCKY,MAGIWALL,REFLECT,,,SCAPEGOAT,PROVOKE,,,DEATHMARCH,,,SPDUP30,SURPRISE,,DASH,,,GOLDUP20,AVOID_RISK,,,,,,,,,,REFLECT,,RECOVERY5,,,ACCUP40,,,POWUP20,,
GREMLIN,POWUP10,,POWUP20,,POWUP20,POWUP10,POWUP10,,,SPDUP20,,,,,,,,,POWUP10,,,,SPDUP20,,POISON,,,,,,,,,,,,,,GROUNDED,,,,,EARLY_BIRD,NIGHT_OWL,,,LUCKY,,,,,,PROVOKE,,,DEATHMARCH,,,SPDUP30,SURPRISE,,DASH,GOLDUP20,,,AVOID_RISK,,,,,,,,,SPDUP20,,,,,,,,,,,
U_JELLY,,EXPUP10,EXPUP20,,,,,,MGUARDUP10,SPDUP20,,,MGUARDUP10,,,,,,,,,MGUARDUP20,,,POISON,,POWUP20,ACCUP10,GOLDUP10,ACCUP20,,,,,SPDUP20,,MGUARDUP20,,GROUNDED,ACCUP20,,,ELEMUP10,EARLY_BIRD,NIGHT_OWL,,,LUCKY,LUCK_UP,,ACCUP10,,,PROVOKE,,,DEATHMARCH,,,SPDUP30,SURPRISE,,DASH,,,GOLDUP20,AVOID_RISK,,,,,,,,POISON,,,,,,,,,,,,ACCUP40
POLAR_B.,POWUP10,POWUP10,,,,,,ELEMUP10,,SPDUP20,,,GUARDUP30,,,,,,,,,,,,POISON,,,,,GUARDUP10,,,,,,,GUARDUP20,,GROUNDED,,,,,EARLY_BIRD,NIGHT_OWL,POWUP20,,LUCKY,,,,,,PROVOKE,,,DEATHMARCH,GUARDUP20,,SPDUP30,SURPRISE,,DASH,,,,AVOID_RISK,,,,,,,,,,,,,,,,,,POWUP30,CRITUP40,
DRACOMAN,ACCUP10,,,,ACCUP30,,,POWUP20,,SPDUP20,CRITUP20,,,,,,,,,,,,,POWUP20,POISON,SPDUP10,,,,,CRITUP30,,,,,,,,GROUNDED,,ACCUP20,,,EARLY_BIRD,NIGHT_OWL,DEMONDASH,,LUCKY,,,,,POWUP20,PROVOKE,,,DEATHMARCH,,,SPDUP30,SURPRISE,,DASH,,,,AVOID_RISK,,,,,,,,,,,POWUP20,,,POWUP30,,,ACCUP30,,,
NITEMARE,ELEMUP10,,,,MGUARDUP10,,,ACCUP20,,SPDUP20,,,,,,,,,,ELEMUP10,,,,,POISON,,,,,,,,,,,,,,GROUNDED,,ELEMUP10,SPDUP10,,EARLY_BIRD,NIGHT_OWL,,,LUCKY,,,,,,PROVOKE,,SPDUP30,DEATHMARCH,,MGUARDUP20,SPDUP30,SURPRISE,,DASH,,,,AVOID_RISK,,,,,,,,,,,,,,,,,,,,
LIONEL,GUARDUP10,,,,GUARDUP10,,GUARDUP20,GUARDUP10,,SPDUP20,ACCUP20,,,GUARDUP20,,,,,,POWUP10,,,,,POISON,,,,,,POWUP20,,,,,,,,GROUNDED,,,,,EARLY_BIRD,NIGHT_OWL,,,LUCKY,,,,,,PROVOKE,,,DEATHMARCH,GUARDUP20,,SPDUP30,SURPRISE,,DASH,,,,AVOID_RISK,,,,COUNTER,,POWUP20,,,,,,,,,,,POWUP20,,,PETUP50
NITEBIRD,,,,,,SPDUP30,,,,SPDUP20,,,,,,SPDUP20,,,,,,,,,POISON,,,,,,,SPDUP20,SPDUP10,,,,,,GROUNDED,,,,,EARLY_BIRD,NIGHT_OWL,,ACCUP30,LUCKY,,,,,,PROVOKE,,,DEATHMARCH,,,SPDUP30,SURPRISE,,DASH,,,,AVOID_RISK,,,,,NIGHT_OWL,,,,,,,,DEMONDASH,,,,,ACCUP30,,
SHOCKER,,,,,,,,,,SPDUP20,ELEMUP10,,,MGUARDUP30,,,,,,,,,,ELEMUP20,POISON,ACCUP20,,,,,,,,,,,,,GROUNDED,RECOVERY5,,,,EARLY_BIRD,NIGHT_OWL,,,LUCKY,,,,,,PROVOKE,,,DEATHMARCH,,,SPDUP30,SURPRISE,,DASH,,,,AVOID_RISK,,,,,,,,,,,,,,,,ACCUP40,,,,
ZAPGOLEM,MGUARDUP10,MGUARDUP20,POWUP20,,MGUARDUP20,,,MGUARDUP20,,SPDUP20,ELEMUP10,,,GUARDUP30,,,,,,,,MGUARDUP20,,,POISON,,,,CRITUP30,,,,,,,,,,GROUNDED,MGUARDUP30,,,,EARLY_BIRD,NIGHT_OWL,,,LUCKY,,,,,,PROVOKE,,,DEATHMARCH,,,SPDUP30,SURPRISE,,DASH,,,,AVOID_RISK,,,,,,,,,,,,,,,,,,,,
GENIE,,,,,,,,,,SPDUP20,,,,,,,,,GOLDUP10,,,,,,POISON,,TREAUP10,,,,,,,PETUP50,,PETUP50,,,GROUNDED,,,,,EARLY_BIRD,NIGHT_OWL,,,LUCKY,,ELEMUP30,,,,PROVOKE,,,DEATHMARCH,,,SPDUP30,SURPRISE,,DASH,,,,AVOID_RISK,,,,,,,,LUCKY,POWUP20,GOLDUP40,,,,,SURPRISE,,,,,
SKELLIOR,GUARDUP10,,,,,POWUP20,,,,SPDUP20,,,,,,GUARDUP20,,,POWUP20,POWUP20,,,,,POISON,,,,,,POWUP30,GUARDUP20,GUARDUP10,,,,,,GROUNDED,,,,GUARDUP10,EARLY_BIRD,NIGHT_OWL,,,LUCKY,,,,,,PROVOKE,,,DEATHMARCH,,,SPDUP30,SURPRISE,,DASH,,,,AVOID_RISK,,,,,,,POWUP40,,,,,,,KILLER,,,,,,
SNOWGLOB,MGUARDUP10,MGUARDUP10,,MGUARDUP10,,,,MGUARDUP20,,SPDUP20,,,GUARDUP30,,,,,,,,GUARDUP10,GUARDUP10,,,POISON,,,GUARDUP20,,,,,,,,,,,GROUNDED,,,,,EARLY_BIRD,NIGHT_OWL,,,LUCKY,,,,,,PROVOKE,,,DEATHMARCH,,,SPDUP30,SURPRISE,,DASH,,,,AVOID_RISK,,,,,MGUARDUP20,,,,,,,,,,,,,MGUARDUP40,GUARDUP40,
GARUDA,POWUP20,ACCUP20,SPDUP20,,,SPDUP10,ACCUP10,SPDUP30,,SPDUP20,ACCUP20,,,,SPDUP20,,,,,,,,,GUARDUP20,POISON,POWUP20,,,,,,,,PETUP30,,PETUP30,SPDUP10,,GROUNDED,,,,,EARLY_BIRD,NIGHT_OWL,,POWUP20,LUCKY,,,,,ACCUP30,PROVOKE,,,DEATHMARCH,,SPDUP20,SPDUP30,SURPRISE,,DASH,,,,AVOID_RISK,,,,,,,,,CRITUP30,,,,,,,,,,,MAGIWALL
EYECICLE,GUARDUP10,MGUARDUP10,,ELEMUP20,,GUARDUP10,POWUP20,GUARDUP10,,SPDUP20,,,POWUP20,,,ELEMUP20,,,,,,,,,POISON,GUARDUP10,,,,,,,,,,,,,GROUNDED,,,,,EARLY_BIRD,NIGHT_OWL,,,LUCKY,,,GUARDUP20,,,PROVOKE,,,DEATHMARCH,,,SPDUP30,SURPRISE,,DASH,,,,AVOID_RISK,,,PARALYSE,,,,,,,,,MGUARDUP40,,,,,,,CRITUP40,
VIOLANT,,,,,POWUP20,POWUP20,,,,SPDUP20,,,,,,,,,,,,,,,POISON,,,,,,,POWUP20,,,,,,,GROUNDED,,,,,EARLY_BIRD,NIGHT_OWL,POWUP10,,LUCKY,,ACCUP20,,POWUP20,,PROVOKE,,,DEATHMARCH,,,SPDUP30,SURPRISE,,DASH,POWUP30,,,AVOID_RISK,,,,,,ACCUP20,,,,,,,,POWUP40,,,,,,
SHLSLIME,GUARDUP20,,,,,,,GUARDUP20,,SPDUP20,GUARDUP10,GUARDUP30,,,,,,,,GUARDUP10,,GUARDUP20,,GUARDUP10,POISON,,,,GUARDUP10,,,,,,,,,,GROUNDED,,,,,EARLY_BIRD,NIGHT_OWL,,,LUCKY,,,,,,PROVOKE,,,DEATHMARCH,,,SPDUP30,SURPRISE,MGUARDUP20,DASH,,,,AVOID_RISK,,,,,,,,COUNTER,,,,BIGDEFENSE,,,,,,,,
ICEGOLEM,GUARDUP10,MGUARDUP10,MGUARDUP20,,,,,MGUARDUP20,,SPDUP20,GUARDUP10,GUARDUP20,MGUARDUP30,,,,,GUARDUP10,,,,GUARDUP10,,MGUARDUP10,POISON,,,,,,,,,,,,,,GROUNDED,,,,GUARDUP20,EARLY_BIRD,NIGHT_OWL,,,LUCKY,,,,,,PROVOKE,,,DEATHMARCH,,,SPDUP30,SURPRISE,,DASH,,,,AVOID_RISK,,,,,,,,,,,,,,,,,,,POWUP40,
UNICORN,CRITUP10,,MGUARDUP10,,,,CRITUP20,,,SPDUP20,,,,,,,,,,,,,,,POISON,ELEMUP30,,,,SPDUP20,,,,,,,ACCUP20,,GROUNDED,,,,MGUARDUP20,EARLY_BIRD,NIGHT_OWL,ELEMUP20,,LUCKY,,,CRITUP20,,,PROVOKE,,,DEATHMARCH,,,SPDUP30,SURPRISE,,DASH,,,ACCUP20,AVOID_RISK,CRITUP20,,,,,,,,,,CRITUP30,,,,,GOLDUP40,,,,ABSORPTION
GAMEOGRE,,,,,GUARDUP20,,,,GUARDUP20,SPDUP20,,,GUARDUP10,,,,,GUARDUP20,,,,,GUARDUP10,,POISON,,,,,,,GUARDUP10,,PETUP30,,PETUP30,GUARDUP30,,GROUNDED,,GUARDUP20,,,EARLY_BIRD,NIGHT_OWL,,,LUCKY,,,,,,PROVOKE,,,DEATHMARCH,,,SPDUP30,SURPRISE,,DASH,,POWUP10,,AVOID_RISK,,,,,,,,,,,,,,,,,,,,
MADBIRD,,,SPDUP30,,ELEMUP20,,ACCUP10,,,SPDUP20,ELEMUP20,,,,POWUP20,,,,,CRITUP20,,,,,POISON,,,CRITUP20,,,,,,,,,,,GROUNDED,,,POWUP30,,EARLY_BIRD,NIGHT_OWL,,,LUCKY,,,,,,PROVOKE,,ELEMUP30,DEATHMARCH,,CRITUP20,SPDUP30,SURPRISE,,DASH,,,CRITUP30,AVOID_RISK,,,,,,,,,,,,UNFAIR,,,CRITUP40,,,,,
EELY_DAN,,SPDUP20,CRITUP20,,,SPDUP20,ACCUP20,,,SPDUP20,,,,ACCUP10,,,,,,,MGUARDUP20,,SPDUP20,,POISON,SPDUP20,ACCUP20,,GOLDUP10,,,,,,,,LUCK_UP,,GROUNDED,,,,,EARLY_BIRD,NIGHT_OWL,,,LUCKY,CRITUP30,,MGUARDUP10,,,PROVOKE,,,DEATHMARCH,,,SPDUP30,SURPRISE,SPDUP20,DASH,SPDUP30,,,AVOID_RISK,,,,,,,,SPDUP40,GOLDDIGGER,,,,,,,,,,,SPDUP30
B.DRAGON,ACCUP20,,,,MGUARDUP20,ACCUP10,ACCUP20,GUARDUP20,,SPDUP20,,,ACCUP30,,,,,,,,MGUARDUP20,,,GUARDUP20,POISON,ACCUP20,,,,,ACCUP20,,,,,,,,GROUNDED,,,,,EARLY_BIRD,NIGHT_OWL,ACCUP20,,LUCKY,,,,,,PROVOKE,,,DEATHMARCH,,,SPDUP30,SURPRISE,,DASH,,,,AVOID_RISK,,,,,,,,,,,,,,,,,,ACCUP40,,
FIREZARD,,,,,,,,,,SPDUP20,,,,,,,,,,,,,,,POISON,,,,,,,,,,,,,,GROUNDED,,,,,EARLY_BIRD,NIGHT_OWL,,,LUCKY,,,,,,PROVOKE,,,DEATHMARCH,,,SPDUP30,SURPRISE,,DASH,,,,AVOID_RISK,,,,EXPUP20,,,MGUARDUP30,,,ELEMUP20,,,,,POWUP30,,ELEMUP30,,,
MERDINE,MGUARDUP20,ELEMUP20,,ELEMUP30,,,,,POWUP30,SPDUP20,,,MGUARDUP20,,,,,,,,ELEMUP20,,MGUARDUP30,,POISON,,MGUARDUP20,EXPUP10,,,,,,,,,,,GROUNDED,,,,,EARLY_BIRD,NIGHT_OWL,,,LUCKY,,,,,,PROVOKE,,,DEATHMARCH,,,SPDUP30,SURPRISE,RECOVERY5,DASH,,,,AVOID_RISK,,,,,,,,MGUARDUP40,,,,,,,,,,,,
GNOME,GUARDUP20,MGUARDUP20,,,,,GUARDUP20,,,SPDUP20,,,,,,,GUARDUP30,MGUARDUP30,,,,,,,POISON,,,,,,,,,,,,,,GROUNDED,,GUARDUP30,,,EARLY_BIRD,NIGHT_OWL,GUARDUP10,,LUCKY,,,,,,PROVOKE,,,DEATHMARCH,,,SPDUP30,SURPRISE,,DASH,RECOVERY5,,,AVOID_RISK,,,,,GUARDUP20,,,,,,,,,,,,,,,
WYBURN,POWUP20,,,,POWUP30,,ACCUP20,,,SPDUP20,,,,ACCUP30,,,,,,,ELEMUP20,,,POWUP30,POISON,,,,,,,,,,,,,,GROUNDED,,,,,EARLY_BIRD,NIGHT_OWL,,,LUCKY,,,,,,PROVOKE,,,DEATHMARCH,,,SPDUP30,SURPRISE,,DASH,,,,AVOID_RISK,,,,,,,,,,,,ACCUP30,,,,,,,,
SAKURA,,,,,,,GUARDUP10,,GUARDUP10,SPDUP20,,,,,,,GUARDUP20,GUARDUP20,,,,MGUARDUP20,MGUARDUP10,,POISON,,,,,,,,,,,,,,GROUNDED,,GUARDUP20,,,EARLY_BIRD,NIGHT_OWL,,,LUCKY,,,,,MGUARDUP20,PROVOKE,,GUARDUP10,DEATHMARCH,,,SPDUP30,SURPRISE,PETUP50,DASH,,,,AVOID_RISK,,,,,,MGUARDUP30,,,,,,,,,,GUARDUP30,,,,GOLDUP20
DUOSLIME,GUARDUP20,,,,,,,,GUARDUP20,SPDUP20,,,,,GUARDUP20,,,,,,,,,,POISON,,,,,,,,,,,,,,GROUNDED,,,,,EARLY_BIRD,NIGHT_OWL,,,LUCKY,,,,,,PROVOKE,,,DEATHMARCH,,,SPDUP30,SURPRISE,,DASH,,,,AVOID_RISK,,MGUARDUP30,,,,,,,,LUCK_UP,,,,,,GUTS,,,,
DEATHBUG,SPDUP20,,,,,,,SPDUP20,,SPDUP20,SPDUP30,,,,SPDUP10,,,,,,,,,SPDUP30,POISON,,,,,,,,,,,,,,GROUNDED,,,SPDUP20,,EARLY_BIRD,NIGHT_OWL,,SPDUP20,LUCKY,,,,,,PROVOKE,,,DEATHMARCH,,,SPDUP30,SURPRISE,,DASH,SPDUP30,,,AVOID_RISK,,,,,,SPDUP30,,,,,,,,,SPDUP20,,,CRITUP30,,
YETI,,,,,,,,,,SPDUP20,,,CRITUP30,GUARDUP10,,,,,,,,,,,POISON,,,,,,,GUARDUP10,,,GUARDUP10,,MGUARDUP20,,GROUNDED,,POWUP20,,,EARLY_BIRD,NIGHT_OWL,,,LUCKY,,,,,,PROVOKE,,,DEATHMARCH,,,SPDUP30,SURPRISE,,DASH,,,,AVOID_RISK,POWUP30,,,,,,,,,,,,GUARDUP30,,,,,,BODYSLAM,
GOLEMECH,ACCUP20,,,,ACCUP10,,,GUARDUP20,,SPDUP20,ACCUP20,GUARDUP30,,,,,,,,,,,,,POISON,,,,,,,,,,,,,,GROUNDED,POWUP30,,,,EARLY_BIRD,NIGHT_OWL,,,LUCKY,,,,,,PROVOKE,,,DEATHMARCH,,,SPDUP30,SURPRISE,,DASH,,,,AVOID_RISK,,,,,,,,,,,POWUP30,,,SPDUP30,,,POWUP30,,,
MONKEY,ACCUP10,ACCUP20,GOLDUP10,,,ACCUP20,ACCUP20,,,SPDUP20,,,,,,,,,SPDUP20,,,,,,POISON,,,,,,ACCUP20,,,,,,,,GROUNDED,,,,,EARLY_BIRD,NIGHT_OWL,,,LUCKY,,,,,,PROVOKE,,,DEATHMARCH,,RETALIATE,SPDUP30,SURPRISE,,DASH,,,,AVOID_RISK,,,,,,POWUP30,,,,,,POWUP40,,,ACCUP30,,,ACCUP30,ARMTWISTER,
POKEY,REFLECT,,,,,,CRITUP30,,,SPDUP20,,,,,CRITUP20,,,,,,,,,,POISON,,,,,,,,,,,,,,GROUNDED,,CRITUP20,,,EARLY_BIRD,NIGHT_OWL,CRITUP20,,LUCKY,,,,,,PROVOKE,,,DEATHMARCH,,,SPDUP30,SURPRISE,EXPUP20,DASH,,,,AVOID_RISK,,,,,,,,,,,,,CRITUP40,,,,,,,
BUBBLES,,MGUARDUP10,MGUARDUP10,MGUARDUP10,,,,,RECOVERY10,SPDUP20,,,MGUARDUP20,,,,,,,,,,ELEMUP30,,POISON,,,,,,,,,,,,,,GROUNDED,,,,,EARLY_BIRD,NIGHT_OWL,,,LUCKY,,,,,,PROVOKE,,,DEATHMARCH,,,SPDUP30,SURPRISE,ELEMUP20,DASH,,,,AVOID_RISK,,,,,,,,CRITUP40,,,,,,,,,,,,
P.SPIDER,,ACCUP10,ACCUP20,,,,ACCUP30,,POWUP10,SPDUP20,CRITUP20,,,,,,,,,,,,,,POISON,ACCUP20,,,,,,,,,ACCUP20,,,,GROUNDED,,,,,EARLY_BIRD,NIGHT_OWL,,,LUCKY,,,,,,PROVOKE,,,DEATHMARCH,,,SPDUP30,SURPRISE,,DASH,,,JAMMY,AVOID_RISK,,,ACCUP20,,,,,,,,,,,,,,,,,RECOVERY10
GECKOMAN,POWUP20,,ACCUP10,,PETUP50,,,,ACCUP20,SPDUP20,EXPUP20,,ACCUP10,,ACCUP20,,,,,,,,,,POISON,,,POWUP20,SPDUP10,,,,,PETUP50,,PETUP50,,,GROUNDED,,,,,EARLY_BIRD,NIGHT_OWL,,,LUCKY,SPDUP30,,,,POWUP20,PROVOKE,,SPDUP10,DEATHMARCH,,,SPDUP30,SURPRISE,POWUP20,DASH,,POWUP10,ACCUP20,AVOID_RISK,,,,,,,,,,,,,,,,,POWUP30,,,CRITUP30
BAAL,,SPDUP20,,,,SPDUP20,,,,SPDUP20,,,,GUARDUP20,,,POWUP30,,DEMONDASH,STINKY,,,,SPDUP30,POISON,,,,,,,,,,,,,,GROUNDED,,,,,EARLY_BIRD,NIGHT_OWL,,,LUCKY,SPDUP20,,ACCUP30,SPDUP20,,PROVOKE,,SPDUP20,DEATHMARCH,,,SPDUP30,SURPRISE,,DEMONDASH,,,SPDUP30,AVOID_RISK,,SPDUP20,,,,,,,SPDUP30,,,,,,ACCUP30,,,POWUP20,,
HANDSEL,GUARDUP20,,,,,POWUP30,,GUARDUP20,,SPDUP20,,POWUP30,,,,POWUP20,,,POWUP20,GUARDUP20,,GUARDUP10,,,POISON,,POWUP20,,,,,POWUP20,,,,,,,GROUNDED,GUARDUP20,GUARDUP20,,,EARLY_BIRD,NIGHT_OWL,POWUP10,GUARDUP20,LUCKY,,,,,,PROVOKE,GUARDUP20,,DEATHMARCH,POWUP20,,SPDUP30,SURPRISE,,DASH,SPDUP30,REFLECT,ACCUP20,AVOID_RISK,,,,,,,GUARDUP20,,,,,,,,,GROUNDED,ARMTWISTER,,,
AMMONITE,GUARDUP20,,,,,,,,,SPDUP20,,GUARDUP20,,,,,,GUARDUP30,,,,REFLECT,,,POISON,,,GUARDUP30,,GUARDUP20,,,,,,,,,GROUNDED,,,,,EARLY_BIRD,NIGHT_OWL,,,LUCKY,,,,,,PROVOKE,,GUARDUP30,DEATHMARCH,,,SPDUP30,SURPRISE,,DASH,,,,AVOID_RISK,,,,,,,,,,,,,,,,,,,,
LAMIA,,,,MAGIWALL,ELEMUP20,,,,PETUP50,SPDUP20,,,,,POWUP20,POWUP30,,,,,,,MGUARDUP20,,POISON,,TREAUP20,,,,,POWUP20,MGUARDUP20,,,,,,GROUNDED,,,,,EARLY_BIRD,NIGHT_OWL,,,LUCKY,,POISON,,,,PROVOKE,,,DEATHMARCH,,,SPDUP30,SURPRISE,PETUP30,DASH,,ELEMUP20,,AVOID_RISK,,,,,SLOWHIT,,MGUARDUP30,,ELEMUP20,KILLER,,,,,,,,,,
CYCLOPS,,,,,,,,,,SPDUP20,POWUP10,,,,ACCUP20,,POWUP20,,ACCUP10,,,GROUNDED,,,POISON,,,,,,,,GUARDUP20,POWUP20,,POWUP20,,,GROUNDED,,,POWUP30,,EARLY_BIRD,NIGHT_OWL,,,LUCKY,,,,,ACCUP20,PROVOKE,,,DEATHMARCH,,CRITUP30,SPDUP30,SURPRISE,,DASH,,,,AVOID_RISK,,,,,,,,,,,,,,MADMAN,,,,,,
POKEKING,GUARDUP20,,,,,,GUARDUP30,POWUP20,,SPDUP20,,,,,,,ACCUP30,,,POWUP20,,POISON,,,POISON,,,,,,,,,,,,,,GROUNDED,,ARMTWISTER,RETALIATE,,EARLY_BIRD,NIGHT_OWL,,,LUCKY,,POWUP30,,,,PROVOKE,,POWUP30,DEATHMARCH,,,SPDUP30,SURPRISE,,DASH,CRITUP30,,,AVOID_RISK,,,,POWUP20,,GUARDUP20,,,,,,,CRITUP30,,,,,GUARDUP40,,
LUMINOS,GUARDUP20,,,,,,,,,SPDUP20,POWUP20,,,,GUARDUP20,,,,,,MGUARDUP20,,,,POISON,GOLDUP20,,,,,POWUP20,LUCK_UP,,,,,,,GROUNDED,,,,,EARLY_BIRD,NIGHT_OWL,,,LUCKY,,,,,,PROVOKE,,,DEATHMARCH,,SPDUP20,SPDUP30,SURPRISE,,DASH,TREAUP20,,,AVOID_RISK,,,POWUP20,,,,,,,,,POWUP30,,,POWUP20,,,,,ACCUP40
CAVALROS,,,,,POWUP20,,ACCUP20,POWUP30,,SPDUP20,,,,,,MGUARDUP20,,,,,,,,,POISON,,SPDUP20,,,,,,,SURPRISE,,SURPRISE,,,GROUNDED,,,,,EARLY_BIRD,NIGHT_OWL,POWUP10,,LUCKY,,,,,,PROVOKE,,,DEATHMARCH,,,SPDUP30,SURPRISE,,DASH,,,,AVOID_RISK,,,,SPDUP20,,,,,,,,,,POWUP30,,,SPDUP30,,,
REDDEVIL,,,,,ACCUP30,,,CRITUP30,,SPDUP20,,,,,,,,,,,,,,,POISON,,GUARDUP30,,,,,,,,,,,,GROUNDED,,,,,EARLY_BIRD,NIGHT_OWL,,,LUCKY,GUTS,,,,POWUP30,PROVOKE,,,DEATHMARCH,,,SPDUP30,SURPRISE,,DASH,,,,AVOID_RISK,,,,GUARDUP30,,,,,POWUP30,,GUARDUP30,,,BODYSLAM,,,,,,
BLUDEVIL,,,,,SPDUP30,,,,,SPDUP20,,,,,,,,,,ACCUP30,,,,,POISON,,GUARDUP30,,,,,,,,,,,,GROUNDED,,,,,EARLY_BIRD,NIGHT_OWL,,,LUCKY,GROUNDED,,,,,PROVOKE,,,DEATHMARCH,,,SPDUP30,SURPRISE,,DASH,,,,AVOID_RISK,,,,MGUARDUP30,,,,POWUP30,,,,,,ARMTWISTER,,,,,,
SPIRIT,,SCAPEGOAT,,MGUARDUP20,,,,,,SPDUP20,,,,,,AVOID_RISK,,,,,,,,,POISON,,,,,,,,ABSORPTION,,,,,,GROUNDED,,,,,EARLY_BIRD,NIGHT_OWL,,,LUCKY,,DEATHMARCH,,,,PROVOKE,,,DEATHMARCH,,,SPDUP30,SURPRISE,,DASH,,,,AVOID_RISK,,CRITUP20,,,RECOVERY5,,MGUARDUP40,,,SPDUP20,,,,,,JAMMY,,,,
BLACKCAT,,SPDUP30,GOLDUP30,,,SPDUP30,,,,SPDUP20,,,,,,BIDE,,,DEVIL_LUCK,,,,,,POISON,ACCUP20,NIGHT_OWL,,,,,EXP_FARMER,SPDUP20,RECOVERY5,POWUP30,RECOVERY5,,,GROUNDED,,,,,EARLY_BIRD,NIGHT_OWL,,,EXP_FARMER,,EXPUP20,PETUP50,,,PROVOKE,,,DEATHMARCH,,,SPDUP30,SURPRISE,,DASH,,,,AVOID_RISK,JAMMY,,,NO_GUARD,,,,,,,,SPDUP30,,,DEVIL_LUCK,LUCKY,,GOLDUP40,,
WITCH,,,SPDUP30,CRITUP30,,,,,,SPDUP20,,,,,,,,,SPDUP30,,,,,,POISON,,,,,,,POWUP30,ACCUP30,,,,,,GROUNDED,,,,,EARLY_BIRD,NIGHT_OWL,,MGUARDUP20,LUCKY,MGUARDUP20,,,,,PROVOKE,,,DEATHMARCH,POWUP30,,SPDUP30,SURPRISE,,DASH,,,,AVOID_RISK,ELEMUP30,,,,,,,,MGUARDUP30,,,,,,,,,,,
PHANTOM,,MAGIWALL,,,,SPDUP30,,,,SPDUP20,,,,MGUARDUP30,,,,,,,,,,,POISON,,,,,,,,SPDUP30,,,,,,GROUNDED,,,,,EARLY_BIRD,NIGHT_OWL,,,LUCKY,,SPDUP30,,,,PROVOKE,,,DEATHMARCH,,,SPDUP30,SURPRISE,,DASH,,,,AVOID_RISK,,MGUARDUP30,,,ABSORPTION,,RETALIATE,,,ACCUP30,,,,,,,,ELEMUP30,,
FLYME,,SPDUP40,MADMAN,,,,,,MGUARDUP40,SPDUP20,,,,,ACCUP30,,,,,,MGUARDUP40,,,,POISON,LUCKY,,SPDUP20,,,,,,,GOLDUP20,,CRITUP20,,GROUNDED,,,,,EARLY_BIRD,NIGHT_OWL,,,LUCKY,,,ELEMUP30,,ACCUP30,PROVOKE,,,DEATHMARCH,,,SPDUP30,SURPRISE,GUARDUP30,DASH,,,,AVOID_RISK,EXPUP20,,,,,,,,,,,,,,LUCK_UP,,,,,LUCKY
SKRAGGON,POWUP40,,,MGUARDUP30,POWUP30,ACCUP40,,,,SPDUP20,,,,,,POWUP40,,,,,,,,SPDUP20,POISON,MGUARDUP30,,,,,WARPER,,,,,,,,GROUNDED,,,,GUARDUP40,EARLY_BIRD,NIGHT_OWL,,,LUCKY,,ELEMUP40,,,,PROVOKE,,,DEATHMARCH,,,SPDUP30,SURPRISE,,DASH,,POWUP30,,AVOID_RISK,,,,,,,POWUP20,,,,,,ACCUP30,,SPDUP20,,,,ACCUP20,
BALOON,,,GOLDDIGGER,,,,ACCUP40,,,SPDUP20,,,EXPUP30,,,,,,,,,,,SPDUP30,POISON,,,CRITUP20,,POWUP30,,,,,DEVIL_LUCK,,,,GROUNDED,,,,,EARLY_BIRD,NIGHT_OWL,,,LUCKY,GOLDUP40,,,,,PROVOKE,,,DEATHMARCH,,FENG_SHUI,SPDUP30,SURPRISE,,DASH,,,ACCUP30,AVOID_RISK,,,,,,,,CRITUP30,,,ACCUP40,CRITUP40,,,AVOID_RISK,,,,,
STRAWBY,,RECOVERY10,ANALYSIS,,ARMTWISTER,,,,,SPDUP20,,,,,,,,EXPUP30,,,,,,,POISON,POWUP30,,,,SLOWHIT,,,,,GROUNDED,CRITUP40,ACCUP20,,GROUNDED,,,,,EARLY_BIRD,NIGHT_OWL,,,LUCKY,,,POWUP30,,,PROVOKE,CRITUP30,MGUARDUP40,DEATHMARCH,,POWUP30,SPDUP30,SURPRISE,,DASH,,,ACCUP40,AVOID_RISK,SPDUP30,,,,,,,,EXPUP30,,,,,,,GOLDUP30,,,,
PAKUPAKU,,,,,,,POWUP40,,,SPDUP20,CRITUP40,,,,,,,PETUP50,,,,,,,POISON,,,ACCUP30,,,,CRITUP30,,,,,,POWUP30,GROUNDED,,POWUP40,,,EARLY_BIRD,NIGHT_OWL,ACCUP30,,LUCKY,,SURPRISE,,,,PROVOKE,,,DEATHMARCH,POWUP20,,SPDUP30,SURPRISE,,DASH,,,,AVOID_RISK,,,,,POWUP30,,,,ACCUP20,,,,,,,,,,,
MANTIS,,,,,,CRITUP40,,CRITUP30,,SPDUP20,,,,,ARMTWISTER,,,,ACCUP40,,,,ACCUP30,EXPUP30,POISON,,,,,,NO_GUARD,,POWUP30,,,,,,GROUNDED,,,,,EARLY_BIRD,NIGHT_OWL,,,LUCKY,,,,,,PROVOKE,,ACCUP30,DEATHMARCH,,,SPDUP30,SURPRISE,,DASH,,ACCUP40,,AVOID_RISK,,,,,,,,,,,,,,,,,CRITUP30,,,
FLYRREL,,,,GUARDUP40,,SPDUP40,,,,SPDUP20,,,,ACCUP30,,,,,,,,,,ACROBAT,POISON,,,,,,,,,ACCUP20,,,,,GROUNDED,,CRITUP30,,,EARLY_BIRD,NIGHT_OWL,,,LUCKY,,,,,SPDUP30,PROVOKE,,,DEATHMARCH,,,SPDUP30,SURPRISE,,DASH,,,,AVOID_RISK,,,,,,WARPER,,,,,,,,,,,,,,GROUNDED
SOCKET,,,,,,,,,MADMAN,SPDUP20,,,,,,ELEMUP40,,,,,CRITUP30,,,,POISON,,,ACCUP40,,,,,ANALYSIS,,,,,,GROUNDED,,,ACCUP30,,EARLY_BIRD,NIGHT_OWL,,,LUCKY,SPDUP30,CRITUP30,,,,PROVOKE,,,DEATHMARCH,,,SPDUP30,SURPRISE,,DASH,,,,AVOID_RISK,,,,,,,,,,ACCUP20,,,EXP_FARMER,,,,,,,
KAPPA,,,MGUARDUP20,,,,,,GROUNDED,SPDUP20,,,ELEMUP30,,,,,,,,,MGUARDUP40,DISCOVERY,,POISON,,,,,MGUARDUP40,,,,,,,,,GROUNDED,,,,POWUP30,EARLY_BIRD,NIGHT_OWL,,,LUCKY,,,,GUARDUP30,,PROVOKE,,,DEATHMARCH,,,SPDUP30,SURPRISE,GUARDUP40,DASH,,,,AVOID_RISK,,,,,,,,ACCUP30,,,,,ELEMUP40,,,POWUP30,,,,
EYEROLL,,,,,ELEMUP30,,,,,SPDUP20,ACCUP30,,,,,,,,SPDUP30,,,,,,POISON,,,,,,,POWUP30,,,,,,,GROUNDED,CRITUP20,,,,EARLY_BIRD,NIGHT_OWL,,ACCUP30,LUCKY,,,ELEMUP30,,,PROVOKE,ACCUP40,ELEMUP40,DEATHMARCH,,,SPDUP30,SURPRISE,,DASH,,,,AVOID_RISK,,,SPDUP20,,,,,,,,,,SPDUP40,,SPDUP30,,,,,
LANTERN,,ELEMUP30,,,,ACCUP30,,,,SPDUP20,,,,,,ELEMUP30,MGUARDUP40,ACCUP30,,,,,GUARDUP30,,POISON,,,,,,,,ACCUP40,,,MGUARDUP40,,,GROUNDED,,GOLDUP30,,ACCUP40,EARLY_BIRD,NIGHT_OWL,,MADMAN,LUCKY,,RETALIATE,,,WEAKNESSUP,PROVOKE,EXPUP40,,DEATHMARCH,,,SPDUP30,SURPRISE,,DASH,,,,AVOID_RISK,,,,,ACCUP20,,,,ELEMUP20,,,ACCUP40,ELEMUP40,,,,,,,
SNOWGIRL,,,,ELEMUP40,,,,,,SPDUP20,,,ELEMUP40,MGUARDUP40,,,,,,,,,,,POISON,,,,,,ACCUP40,,,,,ELEMUP30,,,GROUNDED,,,,MGUARDUP40,EARLY_BIRD,NIGHT_OWL,,,LUCKY,,,,,ELEMUP30,PROVOKE,,,DEATHMARCH,,,SPDUP30,SURPRISE,,DASH,,,,AVOID_RISK,,,,,,,,,,,,,MGUARDUP40,,,,,,GOLDUP40,
BROLLY,,GUTS,,,,GUARDUP40,,,,SPDUP20,,,,,,,GUARDUP40,,,,,,,SPDUP30,POISON,,,,,,SPDUP30,,,,,,,,GROUNDED,,,,GOLDUP30,EARLY_BIRD,NIGHT_OWL,,,LUCKY,,,,,,PROVOKE,GOLDUP40,POWUP30,DEATHMARCH,,,SPDUP30,SURPRISE,,DASH,,,,AVOID_RISK,,,,,,,,,ACCUP30,,,,ACCUP40,,,GUARDUP40,,,,
ORESLIME,EXPUP20,,,,,SPDUP20,,,,SPDUP20,,GUARDUP20,,,,,,,SPDUP20,,,,,,POISON,EXPUP10,,,,,,,,,,,,,GROUNDED,,,,,EARLY_BIRD,NIGHT_OWL,,,LUCKY,,,,,,PROVOKE,,,DEATHMARCH,,,SPDUP30,SURPRISE,,DASH,,,,AVOID_RISK,,,,,,,,,,,,,,,,,,,,
ORE_KING,EXPUP30,,,,,SPDUP30,,,,SPDUP20,,GUARDUP30,,,,,,,SPDUP20,,,,,,POISON,EXPUP20,,,,,,,,,,,,,GROUNDED,,,,,EARLY_BIRD,NIGHT_OWL,,,LUCKY,,,,,,PROVOKE,,,DEATHMARCH,,,SPDUP30,SURPRISE,,DASH,,,,AVOID_RISK,,,,,,,,,,,,,,,,,,,,
MIMIC,,TREAUP20,,,,,,GUARDUP30,,SPDUP20,,,,,CRITUP20,,,,GOLDUP30,,,GUARDUP30,,,POISON,,TREAUP20,,GOLDUP20,,,,,,,,,,GROUNDED,,,,,EARLY_BIRD,NIGHT_OWL,,,LUCKY,,,,,,PROVOKE,,,DEATHMARCH,,,SPDUP30,SURPRISE,,DASH,,,GOLDUP30,AVOID_RISK,,,,,,,,,,GOLDUP40,,,,,,,,,,
DR.GILL,,,,,,,,,MGUARDUP30,SPDUP20,,,,,,,,,,,,,,,POISON,,RECOVERY10,LUCK_UP,,,,,,,,,,,GROUNDED,,,,,EARLY_BIRD,NIGHT_OWL,,,LUCKY,,,RECOVERY5,,,PROVOKE,,,DEATHMARCH,,,SPDUP30,SURPRISE,RECOVERY10,DASH,,,,AVOID_RISK,,RECOVERY5,,,,,,,,,,,,,,,,,,
CANNIBIS,,,,,,,,,,SPDUP20,,,,,,,,GUARDUP20,,,,,,,POISON,,,,,,,,,,GUARDUP10,,,,GROUNDED,,GUARDUP10,,,EARLY_BIRD,NIGHT_OWL,,,LUCKY,,,,,,PROVOKE,,,DEATHMARCH,,,SPDUP30,SURPRISE,PETUP30,DASH,,,SLOWHIT,AVOID_RISK,,,,,PARALYSE,,,,GUARDUP40,,,,,,,,,,,
WIGHT,,,,ELEMUP20,,,,,,SPDUP20,,,,,,ELEMUP20,,,,,MGUARDUP20,,,,POISON,,,,,,,,MGUARDUP20,,,,,,GROUNDED,,,,,EARLY_BIRD,NIGHT_OWL,,,LUCKY,,ELEMUP30,,,,PROVOKE,,,DEATHMARCH,,,SPDUP30,SURPRISE,,DASH,,,,AVOID_RISK,,,,,ELEMUP20,,NIGHT_OWL,,,,,,,,,,,,,
OCTOBLUE,ACCUP20,,,,,,,,GUARDUP20,SPDUP20,,,,,,,,,,,,,GUARDUP20,,POISON,,PETUP30,,,POWUP20,,,,,,,,,GROUNDED,,,,,EARLY_BIRD,NIGHT_OWL,,,LUCKY,,,,,,PROVOKE,,,DEATHMARCH,,,SPDUP30,SURPRISE,POWUP20,DASH,,,,AVOID_RISK,,,,,,,,GUARDUP40,,,,,,,,,,,,
DEVIL,POWUP20,,,,,,,,,SPDUP20,,,,,,,,,,,,,,,POISON,,,,,,POWUP30,,,,,,,,GROUNDED,,,,,EARLY_BIRD,NIGHT_OWL,,,LUCKY,,,,,,PROVOKE,,,DEATHMARCH,,,SPDUP30,SURPRISE,,DASH,,MGUARDUP20,,AVOID_RISK,,,,,,,,,,,,,,,,,POWUP20,,,
VOLCANIS,,,,,POWUP20,,,,,SPDUP20,POWUP20,,,,,,,,,,,,,,POISON,,,,,,,,,,,,,,GROUNDED,,,,,EARLY_BIRD,NIGHT_OWL,,,LUCKY,,,,,,PROVOKE,,,DEATHMARCH,,,SPDUP30,SURPRISE,,DASH,,,,AVOID_RISK,,,,,,,,,,,POWUP20,,,,,,,,,
SHADY,,,,,,SPDUP30,,,,SPDUP20,,,,,,SPDUP20,,,SPDUP30,,,,,,POISON,,,,,,,,,,,,,,GROUNDED,,,,,EARLY_BIRD,NIGHT_OWL,,,LUCKY,,,,,,PROVOKE,,,DEATHMARCH,,,SPDUP30,SURPRISE,,DASH,,,,AVOID_RISK,,,,,SPDUP30,,,,,SPDUP30,,,,,,,,,,
LUCIFER,,,,MGUARDUP20,,,,,,SPDUP20,,,,,,ELEMUP30,,,,,,,,,POISON,,,,,,,,,,,,,,GROUNDED,,,,,EARLY_BIRD,NIGHT_OWL,,,LUCKY,,ELEMUP20,,,,PROVOKE,,,DEATHMARCH,,,SPDUP30,SURPRISE,,DASH,,,,AVOID_RISK,,,,,,,ELEMUP30,,,,,,,,,,ACCUP40,,,
LUCIFERX,,,,,,,,,,SPDUP20,,,,,,,,,,,,,,,POISON,,,,,,,,,,,,,,GROUNDED,PETUP30,,,,EARLY_BIRD,NIGHT_OWL,,,LUCKY,,,,,,PROVOKE,,,DEATHMARCH,,,SPDUP30,SURPRISE,,DASH,,,,AVOID_RISK,,,,,,,,,,,,,,GUARDUP40,,,,,,
DUMBO,,,GROUNDED,,,,ACCUP20,,,SPDUP20,,,,GUARDUP20,,,POWUP30,GUARDUP20,,,,,,,POISON,,,,,,,,,,,,,,GROUNDED,,PETUP30,,,EARLY_BIRD,NIGHT_OWL,RECOVERY5,,LUCKY,GOLDUP30,,,,,PROVOKE,,,DEATHMARCH,,,SPDUP30,SURPRISE,,DASH,,,,AVOID_RISK,,,,,,BODYSLAM,,,,,,,,,,GUARDUP40,,,GUARDUP40,
SANDWYRM,,,,,,,,,,SPDUP20,,,,,,,,GUARDUP30,,,,,,,POISON,,,,,,,,,,,,,,GROUNDED,,,,,EARLY_BIRD,NIGHT_OWL,,,LUCKY,,,,,,PROVOKE,,,DEATHMARCH,,,SPDUP30,SURPRISE,,DASH,GUARDUP30,,,AVOID_RISK,,,,,,,,,,,,,POWUP30,,,,,,,
PEACHES,,,RECOVERY5,,,,,,MGUARDUP30,SPDUP20,,,MAGIWALL,,,,,,,,ELEMUP20,,POWUP30,,POISON,,,EXPUP10,,,,,,,,,,,GROUNDED,,,,,EARLY_BIRD,NIGHT_OWL,,,LUCKY,,,,,,PROVOKE,,,DEATHMARCH,,,SPDUP30,SURPRISE,,DASH,,,,AVOID_RISK,,,,,,,,ARMTWISTER,,,,,,,,,,,,MGUARDUP40
FRANKIE,WALL,,,,,,,GUARDUP30,,SPDUP20,,,,,,,,,,,,,,,POISON,,,,,,,,,,,,,,GROUNDED,ARMTWISTER,,,,EARLY_BIRD,NIGHT_OWL,,,LUCKY,,,,,,PROVOKE,,,DEATHMARCH,,,SPDUP30,SURPRISE,,DASH,,,,AVOID_RISK,,,,,,,,,,,,,BODYSLAM,,,,,,POWUP30,
UFO,,,,,,,,,,SPDUP20,,GUARDUP40,,,,,,CRITUP40,,,,,,,POISON,,ARMTWISTER,,REFLECT,,,,,,,,,,GROUNDED,ACCUP40,,,,EARLY_BIRD,NIGHT_OWL,,,LUCKY,,,,GUARDUP30,,PROVOKE,,,DEATHMARCH,,,SPDUP30,SURPRISE,,DASH,,,,AVOID_RISK,,,SPDUP30,,,,,,,,,,,ACCUP20,,,,EXPUP30,,
KONG,,,,,,,GUARDUP30,,,SPDUP20,,,,,,,,,,,,,,,POISON,,,,,,,GUARDUP30,,,,,,,GROUNDED,,POWUP30,,,EARLY_BIRD,NIGHT_OWL,,,LUCKY,,,,,,PROVOKE,,,DEATHMARCH,,,SPDUP30,SURPRISE,,DASH,,,,AVOID_RISK,,,,,,POWUP20,,GUARDUP40,,,,,,POWUP30,,,,,BODYSLAM,GUARDUP30
VULPUS,,,,,,ELEMUP40,,,,SPDUP20,,,,,,POWUP30,,,,,,,ACCUP30,,POISON,,,,,,,,,ELEMUP30,,,,,GROUNDED,,,,,EARLY_BIRD,NIGHT_OWL,ELEMUP40,,LUCKY,ARMTWISTER,SPELL,,,KILLER,PROVOKE,POWUP40,,DEATHMARCH,,,SPDUP30,SURPRISE,,DASH,,,,AVOID_RISK,,,,ACCUP20,,,,,ELEMUP40,MGUARDUP40,,,POWUP30,,,,MGUARDUP30,,,ELEMUP30
KING,,,RECOVERY5,MGUARDUP30,,,,,,SPDUP20,,,,,,ELEMUP10,,,,,MGUARDUP20,,,,POISON,CRITUP30,,,,,,,,,,POWUP30,GUARDUP20,,GROUNDED,,,,,EARLY_BIRD,NIGHT_OWL,,,LUCKY,,,,,,PROVOKE,,,DEATHMARCH,,,SPDUP30,SURPRISE,,DASH,,,,AVOID_RISK,,,,,,,,,,,EXPUP40,DISCOVERY,,,,,,JAMMY,,PETUP50
DOSSBOSS,,,,,,,,,,SPDUP20,,,,,,,,,,,,,,,POISON,,,,,,,,,,,,,,GROUNDED,,,,,EARLY_BIRD,NIGHT_OWL,,,LUCKY,,,,,,PROVOKE,,,DEATHMARCH,,,SPDUP30,SURPRISE,,DASH,,,,AVOID_RISK,,,,,,,,,,,,,,,,,,,,
