WEAPON,NONE,SLIME,ANTAGONY,HELLHARE,HOTSTUFF,SPIDER,EYEGUY,MINIBEAR,BAT,MUDDY,GARGOYLE,GRIMMY,KILLABEE,TRIFFID,BULBEYE,GIRAFFE,HARPIE,BEETLE,TREEVIL,P.SHROOM,STUMPY,MAGMAN,COOL_GUY,MEGASLUG,MERMAN,SHEEPISH,OSTRICH,GOLEM,LAVAGLOB,BESERKER,CHIMERA,LICKY,SKELETON,ZOMBIE,WRAITH,DEATHGOD,UNDINE,MR.GERMS,CENTAUR,DRAGON,DAEMON,SIRSLIME,PUMPKIN,DWARF,TROLL,FLY_EYE,TORNADO,EATROOT,B.KNIGHT,OCTOPUS,SQUID,MERMAID,WISP,ICEBIRD,BEHEMOTH,GRIFFON,G.SLIME,MINOTAUR,SNOWMAN,SORCERER,G.SHROOM,MUDMAN,MUMMY,TERRAPIN,S.DRAGON,FALLEN,EVILEYE,G.KNIGHT,FRYGOLEM,WITCHER,DETHROOT,B.SHROOM,PHOENIX,AHRIMAN,MEDUSA,ZOMBLE,Y.DRAGON,BIRD,BLADE,CERBERUS,POOSLIME,MAGNEYE,DETHMAGE,D.KNIGHT,SATAN,SCORPION,GASCLOUD,MAGSLIME,ROT_GOD,MASK,GREMLIN,U_JELLY,POLAR_B.,DRACOMAN,NITEMARE,LIONEL,NITEBIRD,SHOCKER,ZAPGOLEM,GENIE,SKELLIOR,SNOWGLOB,GARUDA,EYECICLE,VIOLANT,SHLSLIME,ICEGOLEM,UNICORN,GAMEOGRE,MADBIRD,EELY_DAN,B.DRAGON,FIREZARD,MERDINE,GNOME,WYBURN,SAKURA,DUOSLIME,DEATHBUG,YETI,GOLEMECH,MONKEY,POKEY,BUBBLES,P.SPIDER,GECKOMAN,BAAL,HANDSEL,AMMONITE,LAMIA,CYCLOPS,POKEKING,LUMINOS,CAVALROS,REDDEVIL,BLUDEVIL,SPIRIT,BLACKCAT,WITCH,PHANTOM,FLYME,SKRAGGON,BALOON,STRAWBY,PAKUPAKU,MANTIS,FLYRREL,SOCKET,KAPPA,EYEROLL,LANTERN,SNOWGIRL,BROLLY,ORESLIME,ORE_KING,MIMIC,DR.GILL,CANNIBIS,WIGHT,OCTOBLUE,DEVIL,VOLCANIS,SHADY,LUCIFER,LUCIFERX,DUMBO,SANDWYRM,PEACHES,FRANKIE,UFO,KONG,VULPUS,KING,DOSSBOSS
LONGSWD,,ACCUP10,POWUP10,,,ACCUP10,,POWUP10,,GUARDUP10,,MGUARDUP20,POWUP10,,,GUARDUP10,POWUP10,,,,,,,SLOWHIT,,,,POWUP10,,POWUP10,,,POWUP10,GUARDUP10,,KILLER,,POWUP10,,POWUP20,,TREAUP10,,,POWUP10,,REFLECT,SURPRISE,POWUP30,,POWUP10,,SPDUP10,PARALYSE,POWUP30,,,POWUP20,,,,,GUARDUP20,GUARDUP20,,,,GOLDUP20,MGUARDUP10,ACCUP20,,,SCAPEGOAT,,POWUP10,DEATHMARCH,POWUP20,,SUPERMACH,,STINKY,SLOWHIT,MGUARDUP10,MGUARDUP20,,,SPDUP10,,MGUARDUP30,GUARDUP20,,,,ACCUP20,,POWUP20,,,MGUARDUP10,POWUP20,POWUP30,,ACCUP20,,,,MGUARDUP10,,GUARDUP10,SPDUP20,,POWUP20,POWUP20,MGUARDUP20,GUARDUP20,ACCUP20,,ACCUP20,SPDUP20,,POWUP10,,,MGUARDUP30,ACCUP20,POWUP20,UNFAIR,,,,,,POWUP30,ACCUP30,,,,,,,,POWUP40,,,,CRITUP30,,ACCUP40,,,,,,SPDUP30,ACCUP30,TREAUP30,RECOVERY10,POWUP10,,,POWUP30,POWUP30,SPDUP20,,,,,,,,,,TREAUP30,
KNIFE,,,ACCUP10,,,GUARDUP10,,POWUP10,SPDUP10,,,,CRITUP10,,ACCUP10,,SURPRISE,,,,,,,,ACCUP20,,,POWUP10,,COUNTER,SPDUP20,,SPDUP10,,,,,,,POWUP10,,,,,,ACCUP20,ACCUP10,SURPRISE,,,ACCUP10,,SPDUP20,,ACCUP10,GOLDUP20,,,,,STINKY,,GUARDUP10,,,,,,,ACCUP30,POWUP30,,SCAPEGOAT,,ACCUP10,DEATHMARCH,ACCUP20,,ACCUP20,SPDUP30,STINKY,,MGUARDUP10,,,CRITUP30,SPDUP20,,,GUARDUP20,,,,,,ACCUP20,,SPDUP20,,SPDUP20,,,SPDUP20,,,,POWUP10,,POWUP10,SPDUP30,SPDUP30,ACCUP20,POWUP10,,,SPDUP20,,GUARDUP10,SPDUP30,,,SPDUP30,SUPERMACH,,ACCUP30,ACCUP20,SPDUP30,ACCUP20,,HEALER,,,,,,,,SPDUP30,,,,,,,,,,,,,,,SPDUP40,SPDUP30,ACCUP30,TREAUP30,RECOVERY10,,,,,,SPDUP30,,,,,,,,,,GOLDUP30,
FIRE_ROD,,,,,ELEMUP20,,,,,,,MGUARDUP10,,,,,,,,,,ELEMUP20,,,,,,,ELEMUP10,,,,,,,,MGUARDUP20,ELEMUP10,,MGUARDUP20,ELEMUP20,,,,,,,,,,,,MGUARDUP20,,,,,,,ELEMUP30,,,,MGUARDUP20,,,ELEMUP20,,MGUARDUP30,,,,SCAPEGOAT,ELEMUP20,MGUARDUP20,DEATHMARCH,,,,,STINKY,,ELEMUP30,,ACCUP20,,MGUARDUP30,MGUARDUP20,MGUARDUP20,,,,,,,,,,,,,,,,,,,,,SPDUP20,,,ELEMUP20,,,,,,,,,,,,,,,,,ELEMUP30,POWUP30,,,,,,EXPUP10,,ELEMUP20,,,,EXP_FARMER,,,,,ELEMUP40,,,MGUARDUP40,,,SPDUP30,ACCUP30,TREAUP30,RECOVERY10,,ELEMUP30,,,MGUARDUP20,,ELEMUP30,,,,,,,,CRITUP40,MGUARDUP30,
CLUB,,POWUP10,POWUP10,POWUP10,,ACCUP10,,POWUP10,,GUARDUP10,,,,,,GUARDUP10,,,,,,,,,,,,POWUP20,,MACH_HIT,,,,GUARDUP20,,,,,POWUP20,POWUP10,,,,POWUP20,POWUP20,,,,,,,POWUP20,,,POWUP30,,,GUARDUP20,,,,GUARDUP10,GUARDUP20,GUARDUP30,,,,,MGUARDUP20,UNFAIR,,,SCAPEGOAT,,,DEATHMARCH,,,,,STINKY,MGUARDUP20,MGUARDUP10,,,,,,,,,,POWUP20,,,,,,MGUARDUP20,POWUP20,,POWUP20,,,,GUARDUP30,POWUP30,,POWUP30,,,GUARDUP20,,GUARDUP20,,,,,,POWUP20,,,,,,,,,GUARDUP30,,,,,,UNFAIR,RETALIATE,,,,,,,,,,,SURPRISE,,,PROVOKE,,,,SPDUP30,ACCUP30,TREAUP30,RECOVERY10,,,POWUP20,,,,,,POWUP20,,,,,POWUP40,,,
DICE,CHANCE,CHANCE,CHANCE,CHANCE,CHANCE,CHANCE,CHANCE,CHANCE,CHANCE,CHANCE,CHANCE,CHANCE,CHANCE,CHANCE,CHANCE,CHANCE,CHANCE,CHANCE,CHANCE,CHANCE,CHANCE,CHANCE,CHANCE,CHANCE,CHANCE,CHANCE,CHANCE,CHANCE,CHANCE,CHANCE,CHANCE,CHANCE,CHANCE,CHANCE,CHANCE,CHANCE,CHANCE,CHANCE,CHANCE,CHANCE,CHANCE,CHANCE,CHANCE,CHANCE,CHANCE,CHANCE,CHANCE,CHANCE,CHANCE,CHANCE,CHANCE,CHANCE,CHANCE,CHANCE,CHANCE,CHANCE,CHANCE,CHANCE,CHANCE,CHANCE,CHANCE,CHANCE,CHANCE,CHANCE,CHANCE,CHANCE,CHANCE,CHANCE,CHANCE,CHANCE,CHANCE,CHANCE,CHANCE,CHANCE,CHANCE,CHANCE,CHANCE,CHANCE,CHANCE,CHANCE,CHANCE,CHANCE,CHANCE,CHANCE,CHANCE,CHANCE,CHANCE,CHANCE,CHANCE,CHANCE,CHANCE,CHANCE,CHANCE,CHANCE,CHANCE,CHANCE,CHANCE,CHANCE,CHANCE,CHANCE,CHANCE,CHANCE,CHANCE,CHANCE,CHANCE,CHANCE,CHANCE,CHANCE,CHANCE,CHANCE,CHANCE,CHANCE,CHANCE,CHANCE,CHANCE,CHANCE,CHANCE,CHANCE,CHANCE,CHANCE,CHANCE,CHANCE,CHANCE,CHANCE,CHANCE,CHANCE,CHANCE,CHANCE,CHANCE,CHANCE,CHANCE,CHANCE,CHANCE,CHANCE,CHANCE,CHANCE,CHANCE,CHANCE,CHANCE,CHANCE,CHANCE,CHANCE,CHANCE,CHANCE,CHANCE,CHANCE,CHANCE,CHANCE,CHANCE,CHANCE,CHANCE,CHANCE,CHANCE,CHANCE,CHANCE,CHANCE,CHANCE,CHANCE,CHANCE,CHANCE,CHANCE,CHANCE,CHANCE,CHANCE,CHANCE,CHANCE,CHANCE,CHANCE,CHANCE,CHANCE,CHANCE,CHANCE,CHANCE,CHANCE
STAFF,MAGIC_HIT,MAGIC_HIT,MAGIC_HIT,MAGIC_HIT,MAGIC_HIT,MAGIC_HIT,MAGIC_HIT,MAGIC_HIT,MAGIC_HIT,MAGIC_HIT,MAGIC_HIT,MAGIC_HIT,MAGIC_HIT,MAGIC_HIT,MAGIC_HIT,MAGIC_HIT,MAGIC_HIT,MAGIC_HIT,MAGIC_HIT,MAGIC_HIT,MAGIC_HIT,MAGIC_HIT,MAGIC_HIT,MAGIC_HIT,MAGIC_HIT,MAGIC_HIT,MAGIC_HIT,MAGIC_HIT,MAGIC_HIT,MAGIC_HIT,MAGIC_HIT,MAGIC_HIT,MAGIC_HIT,MAGIC_HIT,MAGIC_HIT,MAGIC_HIT,MAGIC_HIT,MAGIC_HIT,MAGIC_HIT,MAGIC_HIT,MAGIC_HIT,MAGIC_HIT,MAGIC_HIT,MAGIC_HIT,MAGIC_HIT,MAGIC_HIT,MAGIC_HIT,MAGIC_HIT,MAGIC_HIT,MAGIC_HIT,MAGIC_HIT,MAGIC_HIT,MAGIC_HIT,MAGIC_HIT,MAGIC_HIT,MAGIC_HIT,MAGIC_HIT,MAGIC_HIT,MAGIC_HIT,MAGIC_HIT,MAGIC_HIT,MAGIC_HIT,MAGIC_HIT,MAGIC_HIT,MAGIC_HIT,MAGIC_HIT,MAGIC_HIT,MAGIC_HIT,MAGIC_HIT,MAGIC_HIT,MAGIC_HIT,MAGIC_HIT,SCAPEGOAT,MAGIC_HIT,MAGIC_HIT,DEATHMARCH,MAGIC_HIT,MAGIC_HIT,MAGIC_HIT,MAGIC_HIT,STINKY,MAGIC_HIT,MAGIC_HIT,MAGIC_HIT,MAGIC_HIT,MAGIC_HIT,MAGIC_HIT,MAGIC_HIT,MAGIC_HIT,MAGIC_HIT,MAGIC_HIT,MAGIC_HIT,MAGIC_HIT,MAGIC_HIT,MAGIC_HIT,MAGIC_HIT,MAGIC_HIT,MAGIC_HIT,MAGIC_HIT,MAGIC_HIT,MAGIC_HIT,MAGIC_HIT,MAGIC_HIT,MAGIC_HIT,MAGIC_HIT,MAGIC_HIT,MAGIC_HIT,MAGIC_HIT,MAGIC_HIT,MAGIC_HIT,MAGIC_HIT,MAGIC_HIT,MAGIC_HIT,MAGIC_HIT,MAGIC_HIT,MAGIC_HIT,MAGIC_HIT,MAGIC_HIT,MAGIC_HIT,MAGIC_HIT,MAGIC_HIT,MAGIC_HIT,MAGIC_HIT,MAGIC_HIT,MAGIC_HIT,MAGIC_HIT,MAGIC_HIT,MAGIC_HIT,MAGIC_HIT,MAGIC_HIT,MAGIC_HIT,MAGIC_HIT,MAGIC_HIT,MAGIC_HIT,MAGIC_HIT,MAGIC_HIT,MAGIC_HIT,MAGIC_HIT,MAGIC_HIT,MAGIC_HIT,MAGIC_HIT,MAGIC_HIT,MAGIC_HIT,MAGIC_HIT,MAGIC_HIT,MAGIC_HIT,MAGIC_HIT,MAGIC_HIT,MAGIC_HIT,MAGIC_HIT,MAGIC_HIT,MAGIC_HIT,MAGIC_HIT,MAGIC_HIT,MAGIC_HIT,MAGIC_HIT,MAGIC_HIT,MAGIC_HIT,MAGIC_HIT,MAGIC_HIT,MAGIC_HIT,MAGIC_HIT,MAGIC_HIT,MAGIC_HIT,MAGIC_HIT,MAGIC_HIT,MAGIC_HIT,MAGIC_HIT,MAGIC_HIT,MAGIC_HIT,MAGIC_HIT,MAGIC_HIT,MAGIC_HIT,MAGIC_HIT
BOW,,,,POWUP10,,ACCUP20,,POWUP10,ACCUP10,,,,ACCUP10,,ACCUP10,,ACCUP10,,GUARDUP10,SPDUP10,,,,,,,ACCUP10,,,POWUP10,POWUP10,,,,SPDUP10,SPDUP10,,,ACCUP20,,,,,,,ACCUP10,,,,,,,,,,,,,,,PARALYSE,,,,POWUP20,,,,,,,ACCUP20,SCAPEGOAT,,POWUP10,DEATHMARCH,,,,SPDUP30,STINKY,,,,ACCUP20,,SPDUP10,,,,,,,,,POWUP20,,,,ACCUP20,,,ACCUP20,ACCUP20,,,,SPDUP20,,,,,,,,ACCUP20,,,ACCUP20,,MACH_HIT,SPDUP30,,,ACCUP30,,,,,ACCUP20,,,,,,,,,,,,,ACCUP40,,CRITUP40,,ACCUP40,CRITUP30,,,,,,SPDUP30,ACCUP30,TREAUP30,RECOVERY10,,,,,,SPDUP30,,,,,,,,,,,
HALBERD,,POWUP10,,,,ACCUP10,,POWUP10,,GUARDUP10,,,POWUP10,,,GUARDUP10,,,,,,,,,POWUP20,GUARUP10,,,,,,,GUARDUP10,,,,,POWUP20,POWUP20,,,,,,,,,SURPRISE,,,,,,,POWUP20,GOLDUP10,,ACCUP10,,,,,,GUARDUP20,POWUP30,,,CRITUP20,MGUARDUP20,ACCUP20,POWUP20,,SCAPEGOAT,,POWUP10,DEATHMARCH,ACCUP20,,,,STINKY,,,ACCUP20,,,POWUP10,,,,POWUP20,,,POWUP30,,GUARDUP20,,ACCUP20,,POWUP20,,,SPDUP20,,,,,ACCUP20,POWUP10,,,ACCUP20,POWUP20,,GUARDUP20,ACCUP20,,,,,,,,,,,,,,,POWUP20,,,,,,,,,,,,,,,,,,,,ACCUP40,,ACCUP30,SPDUP30,ACCUP30,TREAUP30,RECOVERY10,,,,,,SPDUP20,,,,,,,,,,,
STICK,,RECOVERY2,,SPDUP10,PETUP30,MGUARDUP10,,,,MGUARDUP10,,,POWUP10,MGUARDUP10,,,,PETUP30,PETUP30,ABSORPTION,MGUARDUP10,,,,,GUARDUP20,,MGUARDUP20,,,,,,,,,,,,,,,MGUARDUP30,,,,,,,,,,RECOVERY5,,,,ELEMUP20,,,,,GUARDUP20,,,,,,,,,,,SCAPEGOAT,,,DEATHMARCH,,,,,STINKY,,ELEMUP20,,,,,,,,GUARDUP10,,,,,,,,,,,,,,SPDUP30,,,,,,,,,RECOVERY5,MGUARDUP30,,PETUP50,MGUARDUP10,POWUP20,,,CRITUP30,,RECOVERY5,MGUARDUP20,,SPDUP20,,,,,CHANCE,,,,,,,,,,,,POWUP40,,,SPDUP40,,,,DEVIL_LUCK,,,SPDUP30,ACCUP30,TREAUP30,RECOVERY10,MGUARDUP20,,,,,,,,,,,,,,ARMTWISTER,,
SHURIKEN,,,POWUP10,,,,,,ACCUP10,,GUARDUP10,,,,ACCUP10,,ACCUP10,,,,,,,,,,,,,,,,SPDUP10,,SPDUP10,CRITUP10,,,,,,,,,,ACCUP10,POWUP20,,POWUP10,,,,,,POWUP10,,,,,,,,,,ACCUP10,,,,,,,SPDUP20,SCAPEGOAT,,,DEATHMARCH,,,,ACCUP20,STINKY,,,,,ACCUP20,,,,GUARDUP20,,,,,,,SPDUP20,,,SPDUP20,,,ACCUP20,,,,,,,ACCUP20,,,,,,,,,SPDUP20,,,,,,,,,ACCUP30,,,,POWUP20,,,,,,SPDUP30,,,,POWUP30,,,,ACCUP20,,,,,,,,SPDUP30,ACCUP30,TREAUP30,RECOVERY10,,,,,,SPDUP30,,,,,,,ACCUP40,,,,
GELBLADE,,ELEMUP10,,,,,,,,,,,,,,,,RECOVERY2,,,,,,,ELEMUP10,,,,,POWUP10,,ELEMUP10,,,,,MGUARDUP10,,,,ELEMUP20,,,,,,,,POWUP20,POWUP20,POWUP20,ELEMUP20,,,,,ELEMUP30,,,,,,,,,,,POWUP20,,,,,SCAPEGOAT,,,DEATHMARCH,,,POWUP20,,STINKY,,,,,,,,,,POWUP30,SPDUP20,,,,,,,,ELEMUP20,,,,,,,,,,,,,,ELEMUP20,,,,ACCUP30,,,,,,MGUARDUP30,,ELEMUP20,,,,,,,,,,,,,,,ELEMUP20,,,RECOVERY10,,,,,POWUP40,,,,,SPDUP30,ACCUP30,TREAUP30,RECOVERY10,,,ELEMUP20,,,,,,,,,,,,ELEMUP20,,
FLAMBARD,,,,,ELEMUP10,,,,,,POWUP10,,,,,,,,,,,ELEMUP20,,,,,,,ELEMUP20,POWUP10,,,,,,,,,,POWUP20,ELEMUP20,,,,,,,,POWUP20,,,,,,,,,,,,,,,,,,,POWUP20,MGUARDUP30,,,,SCAPEGOAT,,,DEATHMARCH,,,POWUP20,,STINKY,,,,ACCUP20,,ELEMUP20,MGUARDUP20,,,,,,ACCUP20,DASH,,,,,ELEMUP20,POWUP20,,,,,,,,,CRITUP30,,,ELEMUP20,,,,,,,,,,,,,ELEMUP20,,,MGUARDUP30,,,,,,,,,,,,,,,,,,,,,MACH_HIT,,,,SPDUP30,ACCUP30,TREAUP30,RECOVERY10,,,,,POWUP30,,,,,,ELEMUP20,,,,ACCUP30,,
ICEBARD,,,,,,,,,,,GUARDUP10,GUARDUP10,,,,,,,,,,,ELEMUP20,,,,,,,POWUP10,,,,,ELEMUP10,,,,,,ELEMUP20,ELEMUP20,,,,,,,POWUP20,,,,,ELEMUP20,,,,,MGUARDUP30,,,,,,,,,POWUP20,,,,,SCAPEGOAT,,,DEATHMARCH,,,POWUP20,,STINKY,,,ELEMUP30,,,,,,,,,POWUP30,,,,,,,ELEMUP20,POWUP20,MGUARDUP30,,ACCUP30,,,MGUARDUP30,SPDUP30,,,,POWUP30,,,,,,,,GUARDUP20,,,,,,ELEMUP20,,,,ELEMUP20,,,,,,,,,,,,,,,,,,,,,,POWUP40,,SPDUP30,ACCUP30,TREAUP30,RECOVERY10,,MGUARDUP20,,,,,,,,,,,,,,,
ZAPLANCE,,,,,,,ELEMUP20,,,,,,,,,GUARDUP10,,,,,,,,,,,,,,,,,,,,,,POWUP20,,,ELEMUP20,,,,,ELEMUP20,,,,,,,,,,POWUP20,,,,,,,,,ELEMUP30,ELEMUP10,,POWUP20,,,POWUP20,,SCAPEGOAT,,,DEATHMARCH,POWUP20,ELEMUP10,,,STINKY,,,,,CRITUP20,,,,,,,,ACCUP20,,,,ELEMUP30,MGUARDUP30,ELEMUP20,POWUP20,,SPDUP20,,,,,,,,,,,,,ELEMUP20,,,,,ACCUP20,,,,,ELEMUP20,,,,,ELEMUP30,,,,,,,,,,,ACCUP40,MADMAN,,,,,,,,,,,SPDUP30,ACCUP30,TREAUP30,RECOVERY10,,,,,,,,POWUP30,,,,,,,,,
EYEBALL,,,,,,,PETUP30,,ELEMUP10,,,ELEMUP10,,,,,,,,,,,,,,,,,,,,,MGUARDUP20,,,,,,,,ELEMUP30,,,,,CRITUP30,,,,,,,,,,,,,,ELEMUP20,,,MGUARDUP20,,,,ABSORPTION,,,,,,SCAPEGOAT,ACCUP30,ELEMUP10,DEATHMARCH,,,,,STINKY,,MGUARDUP20,,,,,,ELEMUP20,MGUARDUP30,,,,,,,ELEMUP10,,,ELEMUP20,,,,MGUARDUP20,,,,,,,,,,,,,,,,,,,,,,,,MGUARDUP20,,ELEMUP30,POWUP20,,,,,,SPDUP20,,,SLOWHIT,,,,,,,,EXPUP40,,,,,SPDUP30,SPDUP30,ACCUP30,TREAUP30,RECOVERY10,,,,,,,,,,,,,,,,,
AXE,,,POWUP10,,,,,POWUP10,,,,,,,,,,POWUP10,,,,,,,,,,GUARDUP20,,POWUP20,,,,GUARDUP10,,,,,POWUP10,POWUP10,POWUP10,,POWUP30,,POWUP20,,,,,,,,,,POWUP30,,,POWUP30,,,,,,GUARDUP20,,,,,MGUARDUP20,POWUP20,,,SCAPEGOAT,POWUP20,,DEATHMARCH,,,POWUP10,,STINKY,MGUARDUP20,,ACCUP20,ACCUP20,,,,,,,,GUARDUP20,,,SPDUP20,,,POWUP20,ACCUP20,POWUP10,,ACCUP20,,,,MGUARDUP10,,POWUP20,,,POWUP20,POWUP20,,GUARDUP10,,,,,,,SPDUP20,,,SPDUP20,POWUP20,SPDUP10,CRITUP30,,,POWUP20,,,,ARMTWISTER,,,,,,,,,,SCAPEGOAT,POWUP40,,,,,,,,SPDUP30,ACCUP30,TREAUP30,RECOVERY10,,,,,POWUP30,,,,,,,,CRITUP40,,,,
HAMMER,,POWUP10,,GUARDUP10,,,,POWUP10,,GUARDUP10,GUARDUP20,,,CRITUP10,,,,,GUARDUP10,,,,,SPDUP10,,,,POWUP20,,POWUP20,,,,GUARDUP20,,,,,POWUP10,GUARDUP20,,,GUARDUP30,MACH_HIT,POWUP20,,,,,,,,,,,,,GUARDUP20,,,,,,GUARDUP30,,,,,MGUARDUP20,,,,SCAPEGOAT,,,DEATHMARCH,,,,,STINKY,MGUARDUP30,,ACCUP20,,,,,,,,,ACCUP20,,,,,,GUARDUP30,POWUP20,,GUARDUP20,,,,GUARDUP30,MGUARDUP20,,POWUP30,,,POWUP20,,GUARDUP20,GUARDUP20,,,,,POWUP20,POWUP20,,,,,,,,GUARDUP30,,POWUP20,,,,,BODYSLAM,,,,,,,,,,,,,,,,,,SPDUP30,ACCUP30,TREAUP30,RECOVERY10,,,,,,,,,POWUP30,POWUP10,,,,POWUP40,,,
CHAKRAM,,,POWUP10,,,,,,,GUARDUP10,,,,,ACCUP10,,ACCUP10,,,,,,,,,,,,,,SPDUP20,,ACCUP10,,,,,,,,,,,,,ACCUP30,POWUP20,,,,,,,,,,,,,,,,,GUARDUP10,ACCUP20,ACCUP30,,,,ACCUP30,,,SCAPEGOAT,SPDUP30,,DEATHMARCH,ACCUP20,SPDUP20,,ACCUP20,STINKY,,,,,,,,,,,CRITUP20,,,,ACCUP20,ACCUP20,,,ACCUP20,,,CRITUP20,,,GUARDUP20,,,,,,,POWUP20,,,ACCUP20,,,SPDUP10,,,SPDUP20,,,,,SPDUP20,,,,,,,,,,,,,,ACCUP30,,,,,,ACCUP30,UNFAIR,POWUP40,,,,,SPDUP30,ACCUP30,TREAUP30,RECOVERY10,,,,,,,,,,,,,SUPERMACH,,,,
WHIP,,POWUP10,,,,SLOWHIT,ACCUP20,POWUP10,,,,,,,ACCUP10,ACCUP10,,,,,,,,,,PETUP50,DASH,,,,,,,,,,,,,,POWUP30,,ACCUP30,,,,,,,POWUP20,POWUP30,,,,,,,GUARDUP10,,,,,ACCUP20,,,POWUP20,,,,,,,SCAPEGOAT,,ACCUP20,DEATHMARCH,,,,PETUP30,STINKY,,,,ACCUP30,,,,,,,,,,PETUP30,,,,,,,,SPDUP20,,,,,,,ACCUP20,,,,,,,,,,,,ACCUP20,,,ACCUP20,,,,,ACCUP20,,ACCUP20,,,,,,,,,,,,SLOWHIT,POWUP40,,,,,ACCUP20,,,,SPDUP30,ACCUP30,TREAUP30,RECOVERY10,ACCUP20,,,,,,,,,,,,,,,,
LEEK,,,SPDUP10,,,,,,,MGUARDUP10,,,,ELEMUP10,,,,,,,,,,,,,,,,,,POWUP10,,,,,,,,,,,,,PETUP50,,,,,,,,,,,,ACCUP30,,,,SPDUP20,,,,,SPDUP20,,,,ELEMUP20,,,SCAPEGOAT,,MGUARDUP20,DEATHMARCH,,,,,STINKY,,,,,,,,,,POWUP20,,,,,,,,,,,,,,ELEMUP20,,,,,,,,,GUARDUP10,EXPUP10,,,ACCUP20,RECOVERY2,,,,,,,,,,,,,,,,,,,,,,,,,ACCUP40,,,,,,,ARMTWISTER,,GUARDUP20,SPDUP30,ACCUP30,TREAUP30,RECOVERY10,POWUP20,,,,,,,,,,,,,,,,
WOODSWD,,,,,,,,POWUP10,,,,,,POWUP10,,,,POWUP10,,ABSORPTION,,,,POWUP10,,POWUP10,,GUARDUP10,,POWUP10,,,POWUP10,,,,,,,POWUP10,,,,GUARDUP10,,,GUARDUP10,,GUARDUP10,,,,,,,EXPUP10,,,,,,GUARDUP20,,,,,,EXPUP10,,,,,SCAPEGOAT,,,DEATHMARCH,,,,,STINKY,,,,,,,,,,,,,,,POWUP30,,,,,,,,,,,,,,,,,,,POWUP20,,,,,,,,,,,,,,GUARDUP10,,,,,,,,,,,,,,,,,,,,,,POWUP30,,ACCUP30,SPDUP30,ACCUP30,TREAUP30,RECOVERY10,,,,,,,,,,,,,,,,,
RAPIER,,,POWUP10,,,,,POWUP10,,,,,CRITUP10,,,ACCUP10,CRITUP10,,,,,,,,POWUP10,,POWUP10,,,,,,,,,,,,,,,GOLDUP10,,,,CRITUP20,,,,,,,ACCUP20,,,CRITUP30,,,,,,,,GUARDUP20,CRITUP20,POWUP30,,POWUP20,,,POWUP20,,SCAPEGOAT,,,DEATHMARCH,CRITUP20,POWUP20,ACCUP20,,STINKY,,,ACCUP20,ACCUP20,CRITUP30,,,,,,POWUP20,,,,CRITUP20,ACCUP20,,,CRITUP20,POWUP10,,SPDUP20,,,,,ACCUP20,,,SPDUP30,POWUP20,,,,CRITUP20,,,,,,,SUPERMACH,,,ARMTWISTER,,,,,,UNFAIR,,,,,,,,,,EXPUP30,,,,,,,,,,CRITUP40,,SPDUP30,ACCUP30,TREAUP30,RECOVERY10,,,,,,,,,,,,,,,,,
PISTOL,,POWUP10,,ACCUP10,,,,,ACCUP10,,,,,,POWUP10,,,,,,,POWUP20,,,,POWUP10,,,POWUP20,,,,,,,,,,,POWUP20,,,,,,,SPDUP10,,,,,,,,CRITUP10,,,,,,,,,,,,,,POWUP20,,,,SCAPEGOAT,,,DEATHMARCH,,,,,STINKY,,,,,ACCUP10,SPDUP20,POWUP30,,,SPDUP20,,,ACCUP10,SPDUP30,,,,,,,,,,,,,,,SPDUP20,,,,,,,,,,,,,,,,,,,,,,,,,,,,CHANCE,,,,,ACCUP30,,,,,,,ACCUP30,,,,SPDUP30,ACCUP30,TREAUP30,RECOVERY10,,,,,POWUP30,,,POWUP30,,,,,,,,,
MONKSTAF,,,,MGUARDUP10,,,,,,,POWUP10,,,,,,,,,,,,,,,,,,,,,,,,RECOVERY5,,MGUARDUP10,,,,,TREAUP20,,,,ELEMUP20,,,,,,,MGUARDUP30,,,GUARDUP20,,,,ELEMUP30,,,,MGUARDUP20,MGUARDUP30,ELEMUP30,,MGUARDUP20,,,,,SCAPEGOAT,,,DEATHMARCH,,ELEMUP20,,,STINKY,,,ACCUP30,,,,,,,,,,,,,,MGUARDUP20,RECOVERY5,MGUARDUP20,,,ACCUP20,,,,MGUARDUP20,ELEMUP30,,,SPDUP30,,,MGUARDUP20,,,,,,,,,,,,,,,MGUARDUP30,,,,,,,,RECOVERY10,,,,,,,,,,,,,,GOLDUP30,,GROUNDED,SPDUP30,ACCUP30,TREAUP30,RECOVERY10,,MGUARDUP20,,,,,MGUARDUP30,,,,RECOVERY5,,SURPRISE,,,ELEMUP30,
THIEFSWD,,,,,,,,,POWUP20,,,ELEMUP10,,,,,,,,,,,,,,,,,,,ACCUP20,,,,ELEMUP20,,,POWUP10,,,POWUP20,,,,,,,,POWUP20,,,,,,,,,,,,,,MGUARDUP20,,,,WEAKNESSUP,,,POWUP20,,POWUP20,SCAPEGOAT,POWUP20,,DEATHMARCH,,,,ACCUP30,STINKY,,,POWUP20,ACCUP30,KILLER,,,ELEMUP20,NO_GUARD,,,,,,,ELEMUP20,,,SPDUP20,POWUP30,,SPDUP20,,,,,,,,,,,,,,,,,,,,SUPERMACH,,,,PARALYSE,CURSED,,SPDUP20,,,,,,,POISON,CRITUP20,,,,BIDE,,,,BIDE,,,,,,,,SPDUP30,ACCUP30,TREAUP30,RECOVERY10,,,,,POWUP30,SPDUP30,,,,,,,,,,,
BROADSWD,,,,,,,,POWUP10,,,GUARDUP10,,,,,GUARDUP10,,,,,,,,,,,,,,POWUP20,,,RETALIATE,GUARDUP10,,,,,,,,,,,,,,,POWUP30,,,,,,POWUP30,GOLDUP10,,POWUP20,,,,,,GUARDUP20,,POWUP20,,POWUP20,POWUP20,,,,SCAPEGOAT,,,DEATHMARCH,ACCUP20,ACCUP20,,,STINKY,POWUP20,,SPDUP30,,,,,,,,,GUARDUP20,,,,SPDUP20,POWUP20,GUARDUP20,ACCUP20,POWUP20,,ACCUP20,,,,MGUARDUP10,,,SPDUP20,,GUARDUP20,,,,ACCUP20,,,,,POWUP10,,,,,POWUP30,,NO_GUARD,,,,,GUARDUP20,,,,,,,,,,,,,GUARDUP20,,,,,,,,SPDUP30,ACCUP30,TREAUP30,RECOVERY10,,,,POWUP20,,,,,,,,,,,,,
FLAIL,,,,,,,,POWUP10,,,GUARDUP10,,,,,,,,,,,,,,,,,POWUP20,,,,,POWUP10,,,,,,POWUP20,GUARDUP20,,,,POWUP30,POWUP20,,,,,,,,,,POWUP30,,,GUARDUP20,,,,,,GUARDUP30,,,,,GUARDUP20,,,,SCAPEGOAT,,,DEATHMARCH,GUARDUP20,,,,STINKY,SPDUP20,,,,,,,,,,ACCUP20,POWUP20,,,POWUP20,,,,GUARDUP20,,,,,,GUARDUP30,MGUARDUP20,,NO_GUARD,,,ACCUP20,,,GUARDUP20,,,,,POWUP20,,,,,,,,,GUARDUP30,,POWUP20,,,,GROUNDED,GUTS,,,,,POWUP40,,SPDUP30,,,,,,,,,,,SPDUP30,ACCUP30,TREAUP30,RECOVERY10,,,,,,,,,POWUP20,,,,,POWUP40,,,
ICICLE,,,,,,,,,,,,,CRITUP10,,,,,,,,,,ELEMUP20,,,,,,,,,,,,,,,,,,,ELEMUP20,,,,,,,,,,,,POWUP20,,,,,ELEMUP20,,,,,,,,,,,,POWUP10,,SCAPEGOAT,,,DEATHMARCH,,CRITUP20,,,STINKY,,ELEMUP20,ACCUP30,,CRITUP20,,,,,,,MGUARDUP20,,,,,,,,,ELEMUP30,,POWUP20,,,MGUARDUP30,ACCUP20,,,,CRITUP30,,,,,,,,POWUP20,,,,,,,,,,POWUP20,,,,,,,,,,,,,,,,,ELEMUP20,,,,,ELEMUP40,,SPDUP30,ACCUP30,TREAUP30,RECOVERY10,,,,,,,,,,,,,,,,,
HOLYWTR,,RECOVERY5,,,,,,,,,,,,RECOVERY5,,,,,,PETUP30,,,,RECOVERY2,MGUARDUP10,,,,,,,ELEMUP10,,,,,MGUARDUP30,,,,,,,,,,,,,MGUARDUP20,MGUARDUP10,MGUARDUP10,MGUARDUP20,,,,,,,,,,,MGUARDUP30,,,,,,,,,SCAPEGOAT,,,DEATHMARCH,,,,,STINKY,,,,,,,,,,POWUP30,,,,,,,,,,,,,,,,,MGUARDUP20,,,,,,MGUARDUP20,PETUP30,,,EXPUP10,,,,,,ELEMUP20,,RECOVERY2,,,,,,,,,,,EXPUP10,,,,,,,EXPUP40,,,,MGUARDUP40,GUTS,,,,,SPDUP30,ACCUP30,TREAUP30,RECOVERY10,,,MGUARDUP20,,,,,,,,,,,,,,
SCYTHE,,,,,,,,POWUP10,ACCUP10,,,,,,,,,,,,,,,,,,,,,,,,,,,SURPRISE,,,,,POWUP20,,,,,,,,,,,,,,POWUP30,,,,,,,,,,,,,,,DEMONDASH,,,SCAPEGOAT,,,DEATHMARCH,,,COUNTER,,STINKY,,,,ACCUP20,,,,,,,,,,,,POWUP20,,,,,,ACCUP20,,,,,,,,,,,,,,,,,,,,,,,,,POWUP30,,,,,,,,,,,POWUP20,,,POWUP30,,,,CRITUP40,,,,,,,,SPDUP30,ACCUP30,TREAUP30,RECOVERY10,,,,,,,,,,,,,,,,,
TONFA,,,,,,,,POWUP10,,,ACCUP10,,,,,,,,,,,,,,,,,,,MACH_HIT,,,,,,,,,,,,,,POWUP20,,,,,,,,,,,POWUP30,,,GUARDUP10,,,,GUARDUP20,,GUARDUP30,,,,,,,,,SCAPEGOAT,,,DEATHMARCH,,,,,STINKY,ACCUP20,,,,,,,,GUARDUP20,,,,,,SPDUP20,ACCUP20,,,,,,,,,GUARDUP30,,,,,,,,,,,,,,,,SPDUP20,,,,,,ACCUP20,GUARDUP30,,,,,,,,,,,,,,,,,,COUNTER,,,,,,,SPDUP30,ACCUP30,TREAUP30,RECOVERY10,,,,,,,,,,,,,SPDUP40,,,,
MALLET,,,GUARDUP10,,,,,POWUP10,,,,,,POWUP10,,,,ELEMUP10,,,POWUP10,,,,,,,ELEMUP20,,,,,,,,,,,,,,,ELEMUP20,POWUP20,GUARDUP30,,,,,,,,,,,,,,,,,ELEMUP20,,,,,,,,,,,SCAPEGOAT,,GUARDUP20,DEATHMARCH,,,,,STINKY,,,,,,,,,,,,,,,POWUP10,,,,,,,,,,,,,POWUP20,,,,,POWUP20,,,,,GUARDUP20,,,POWUP20,,POWUP20,,,,,,,PETUP30,,,,,,,,,,,,,RETALIATE,,,,,,,,,GUARDUP40,SPDUP30,ACCUP30,TREAUP30,RECOVERY10,,,,,,,,,,POWUP20,,,RECOVERY5,POWUP40,,,
BEAMSWD,,,,,,,ELEMUP10,,,,,,,,,POWUP10,ACCUP10,,,,,,,,,,,,,,SPDUP10,,,,,,,,,,,,,,,,,,,,,,ELEMUP30,ELEMUP10,,ELEMUP20,,,,,,,,,POWUP20,ABSORPTION,,,,,,,SCAPEGOAT,,,DEATHMARCH,ELEMUP20,ACCUP20,,,STINKY,,,POWUP20,,,ELEMUP20,MGUARDUP20,,,,SPDUP30,,,,,,POWUP20,MGUARDUP20,,,,ACCUP20,,,,,ACCUP20,,,SPDUP30,,,,,,,,,,ELEMUP30,,,,,,,,,,,,,,,,,,,,MGUARDUP30,,,,,,,,,,,,,SPDUP30,ACCUP30,TREAUP30,RECOVERY10,,,,,,,,,ELEMUP20,,,,ELEMUP40,,,,
LEXICON,,,,,,,,,,,,,,,,,,,,,,,,,,,,,,,,,,,,,MGUARDUP10,,,,PETUP30,,,,,,,,,,,,TREAUP20,,,EXPUP10,,,,MGUARDUP30,,,PETUP30,,,MGUARDUP20,MGUARDUP10,,,,,,SCAPEGOAT,,,DEATHMARCH,,,,,STINKY,,POWUP20,,PETUP30,,,,,,,,,,,,,,,,,,,,,,,,,,,,,,,,,,,,,,,,,,,,MGUARDUP30,MGUARDUP20,,,,,,,,,EXPUP10,,,GOLDUP40,,,,,,DISCOVERY,,,,,,SPDUP30,ACCUP30,TREAUP30,RECOVERY10,,,,,,,,,,,,PETUP30,,,MGUARDUP40,,
HOT_WING,RECOVERY2,RECOVERY2,RECOVERY2,RECOVERY2,RECOVERY2,RECOVERY2,RECOVERY2,RECOVERY2,RECOVERY2,RECOVERY2,RECOVERY2,RECOVERY2,RECOVERY2,RECOVERY2,RECOVERY2,RECOVERY2,RECOVERY2,RECOVERY2,RECOVERY2,RECOVERY2,RECOVERY2,RECOVERY2,RECOVERY2,RECOVERY2,RECOVERY2,RECOVERY2,RECOVERY10,RECOVERY2,RECOVERY2,RECOVERY2,RECOVERY2,RECOVERY2,RECOVERY2,RECOVERY2,RECOVERY2,RECOVERY2,RECOVERY2,RECOVERY2,RECOVERY2,RECOVERY2,RECOVERY2,RECOVERY2,RECOVERY2,RECOVERY2,RECOVERY2,RECOVERY2,RECOVERY2,RECOVERY2,RECOVERY2,RECOVERY2,RECOVERY2,RECOVERY2,RECOVERY2,RECOVERY5,RECOVERY2,RECOVERY2,RECOVERY2,RECOVERY2,RECOVERY2,RECOVERY2,RECOVERY2,RECOVERY2,RECOVERY2,RECOVERY2,RECOVERY2,RECOVERY2,RECOVERY2,RECOVERY2,RECOVERY2,RECOVERY2,RECOVERY2,RECOVERY2,SCAPEGOAT,RECOVERY2,RECOVERY2,DEATHMARCH,RECOVERY2,RECOVERY5,RECOVERY2,RECOVERY2,STINKY,RECOVERY2,RECOVERY2,RECOVERY2,RECOVERY2,RECOVERY2,RECOVERY2,RECOVERY2,RECOVERY2,RECOVERY2,RECOVERY2,RECOVERY2,RECOVERY2,RECOVERY2,RECOVERY2,RECOVERY2,RECOVERY5,RECOVERY2,RECOVERY2,RECOVERY2,RECOVERY2,RECOVERY2,RECOVERY2,RECOVERY2,RECOVERY2,RECOVERY2,RECOVERY2,RECOVERY2,RECOVERY2,RECOVERY10,RECOVERY2,RECOVERY2,RECOVERY2,RECOVERY2,RECOVERY2,RECOVERY2,RECOVERY2,RECOVERY2,RECOVERY2,RECOVERY2,RECOVERY2,RECOVERY2,RECOVERY2,RECOVERY2,RECOVERY2,RECOVERY2,RECOVERY2,RECOVERY2,RECOVERY2,RECOVERY2,RECOVERY2,RECOVERY2,RECOVERY2,RECOVERY2,RECOVERY2,RECOVERY2,RECOVERY2,RECOVERY2,RECOVERY2,RECOVERY2,RECOVERY2,RECOVERY2,RECOVERY2,RECOVERY2,RECOVERY2,RECOVERY2,RECOVERY2,RECOVERY2,RECOVERY2,RECOVERY2,RECOVERY2,RECOVERY2,RECOVERY2,RECOVERY2,RECOVERY2,RECOVERY2,RECOVERY2,RECOVERY2,RECOVERY2,RECOVERY2,RECOVERY2,RECOVERY2,RECOVERY2,RECOVERY2,RECOVERY2,RECOVERY2,RECOVERY2,RECOVERY2,RECOVERY2,RECOVERY2,RECOVERY2,RECOVERY2,RECOVERY2,RECOVERY2
HOOK,,,,,,,,,,,,,,,,,POWUP10,,,,,,,,ACCUP10,,,,,,,,,,,,,,,,,,,,,,,,,MGUARDUP20,GUARDUP20,POWUP20,,,POWUP30,,,,,,,,,GUARDUP30,,,,,,,,,SCAPEGOAT,,,DEATHMARCH,,,,POWUP20,STINKY,,,,,,,,,,,,,,,,ACCUP10,,,GOLDUP20,,,SPDUP20,,,,,,,,,,,,,,,,,,,ACCUP20,,,,,,POWUP30,,,,,,,,,,ACCUP20,,,,,TREAUP20,,,EXPUP30,,,,,,,,SPDUP30,ACCUP30,TREAUP30,RECOVERY10,,,,,,,,,,,,,,,,,
FISHYROD,,,ACCUP20,,,,,,,,,,,,,,,,,,,,,,,,,,,,,,,,,,,,,,,,,,,,,,,GUARDUP20,MGUARDUP20,ACCUP20,,,,,,,,,,,,,,,,,,,,,SCAPEGOAT,,,DEATHMARCH,,,,,STINKY,,,,,,,,,,,,,,,,,,,,,,,,,,,,,,,,,,,,,,,,,,,,ACCUP30,,,,MGUARDUP20,,,,,,,,,,,,,,,,GOLDUP20,,,,ACCUP40,,,,,SPDUP30,ACCUP30,TREAUP30,RECOVERY10,,,,,,,,,,,,,,,,,
FISH,,,,,,,,RECOVERY2,,,,,,,,RECOVERY2,,,,,,,,,PETUP30,,,,,,,MGUARDUP10,,,,,ELEMUP20,,,,,,,,,,,,,ACCUP30,RECOVERY10,TREAUP10,,POWUP20,,,,,,,,,,MGUARDUP20,,,,,,,,,SCAPEGOAT,,,DEATHMARCH,,,,,STINKY,,,,,,,,,,,,GUARDUP20,,,TREAUP10,,,,,,,,,,,,,,,,,,POWUP20,,,,,,,,,,CRITUP30,,,RECOVERY2,,,,,,,,,,,,,,,,,,,,RECOVERY5,,,,,,,SPDUP30,ACCUP30,TREAUP30,RECOVERY10,,,PETUP30,,,,,,,,,,,,,,
CLEAVER,,,,,,,,,,,,,POWUP10,,,,,,,,,,,,,,,,,,SPDUP20,,,,,ACCUP10,,,,,,SPDUP30,,,,,,,,SPDUP20,CRITUP20,,,,,,,,,,,,,GUARDUP20,,,,,,,,,SCAPEGOAT,,,DEATHMARCH,,,,,STINKY,,,,SPDUP20,,,,,,,,,,,,POWUP20,,,,,,,,,,,,,SPDUP20,,,,,,,,,,,,,,,,,,,,POWUP20,,,,,,,,,,,,SPDUP20,,ACCUP20,,,,,BIDE,,,,CRITUP20,SPDUP30,ACCUP30,TREAUP30,RECOVERY10,,,,,,,,,,,,,,,,,
FORK,,,,,,,,,,,,,,,,,,,,,,,,,POWUP30,,,,,,,,,,,,,POWUP30,,,,ACCUP30,,,,,,,,,,SPDUP20,,,,,,,,,POISON,,,GUARDUP20,,,,,,,POWUP30,,SCAPEGOAT,,,DEATHMARCH,POWUP20,,,,STINKY,SPDUP20,,,,CRITUP20,,,,,,,,SPDUP20,,,,,,,,,,,,,,,,,,,,,,,,,,,,,,,,,,,,,POWUP20,ARMTWISTER,,,,,,,,,,ACCUP20,,ACCUP30,,,,,EXPUP40,,,,,SPDUP30,ACCUP30,TREAUP30,RECOVERY10,,,,,,,,,,,,,,,,,
SHOTGUN,,,,,,,,,,,,,,,,,,,,,,,,,,,,,,,,,,,,,,,,POWUP20,,,,,,,,,,,,,,,,,,,,,,,,,,,,,POWUP20,,,,SCAPEGOAT,,,DEATHMARCH,,,,,STINKY,,,,,,ACCUP20,,,,SPDUP20,,,,SPDUP20,,,,,CRITUP20,,,,,,,,,,,,,,,,,,,,,,,,,,,,,,,POWUP20,,,,,,,,,,,,,,,,DEVIL_LUCK,,,POWUP30,,,,SPDUP30,ACCUP30,TREAUP30,RECOVERY10,,,,,,,,CRITUP30,,,,,,,,,
SAW,,,,POWUP10,,,,POWUP10,,,,,,,,,,,PETUP30,,,,,,,,,,,,,,,GUARDUP20,,,,,,,POWUP20,,,,,,,,,,,,,,POWUP30,,,POWUP20,,,,,,GUARDUP20,,,,,,,,,SCAPEGOAT,,POWUP20,DEATHMARCH,,,POWUP20,ACCUP20,STINKY,,,,POWUP20,,,,,,,,,,,POWUP20,,,,,POWUP20,,ACCUP20,,,,,,,,,POWUP20,,,POWUP20,,PETUP50,,,,GUARDUP20,,,,,,,POWUP20,,,,,,,,,,,,,,,,,ACCUP30,ACCUP20,UNFAIR,,,,,,,SPDUP30,ACCUP30,TREAUP30,RECOVERY10,,,,,POWUP30,,,,,,,POWUP20,,,,,
GLOVE,,,,,,,,ACCUP10,,,,,,,,,,,,,,,,,,GUARDUP10,SPDUP10,,,POWUP20,,,,,,,,,,,,,,,,,,,,,,,,,RETALIATE,,,,GUARDUP20,,,,,PETUP50,,,,,,,,,SCAPEGOAT,,,DEATHMARCH,,,,,STINKY,,,,,,,,,,,,,,,,,,,,,,,,,,,,,,,,,,,,,,,,,COUNTER,,,,,,,GUARDUP30,,,COUNTER,,,,,,,,,,,POWUP40,,,,,,,,,,,SPDUP30,ACCUP30,TREAUP30,RECOVERY10,,,,,,,,,,,,,,POWUP40,,,
SNAKEWIP,,,POWUP10,,,,,,,MGUARDUP10,,,,,,,,,,,,,,,,,,,,,POWUP30,,,,,,,PARALYSE,,,,,,,ACCUP20,,,,,,,,,,,,ELEMUP20,,,,ELEMUP20,,ACCUP20,,,,,,,,,,SCAPEGOAT,ELEMUP20,WEAKNESSUP,DEATHMARCH,,,,,STINKY,,,,ACCUP30,,,,,,,,,,,,,,,,,,ACCUP20,,,,,,,SPDUP20,,,,,ACCUP20,,,,,,,,,,,,,,GUARDUP20,CRITUP20,,,,,,,,,,,,,,,POWUP20,,,,,,,,,SPDUP30,ACCUP30,TREAUP30,RECOVERY10,ACCUP20,,,,,,,,,,,,,,,,
BONEROD,,,,,,,,,SPDUP10,,,MGUARDUP10,,,,,,,,,,,,,,,,,,,,,GUARDUP30,,MGUARDUP20,WEAKNESSUP,,,,,,,,,,,,,,,,,,,,,,,,ELEMUP20,,,MGUARDUP20,,,,,,,,,SPDUP20,SCAPEGOAT,CRITUP30,ELEMUP20,DEATHMARCH,,,,,STINKY,,MGUARDUP30,POWUP20,,,,,MGUARDUP20,,,,,,,,SPDUP20,,,,,,,,,,GUARDUP20,,POWUP10,,,,,,,,,,,,,,,,,,ELEMUP20,,,POWUP20,,,,,,,,,ACCUP30,,,ELEMUP30,,,,,,SPDUP30,,,,,,SPDUP30,ACCUP30,TREAUP30,RECOVERY10,,,,,,,GUARDUP30,,,,,,,,,,
CHOC_ICE,,,,ELEMUP10,,,,,,,,,,,,,,,,,,,ELEMUP20,,,ELEMUP20,,,,,,GOLDUP10,,,,,,POISON,,,,RECOVERY5,,,,,,,,,,,,MGUARDUP30,,,,,ABSORPTION,,,,,,,,,,,,,,SCAPEGOAT,,,DEATHMARCH,,,,,STINKY,,,,,,,,,,,,POWUP20,,,,,,,,,,,SPDUP20,MGUARDUP30,,,,,,,TREAUP10,,,,,,,,RECOVERY5,,,,,,,RECOVERY5,,,,,,,,,,,,,,MGUARDUP30,,,POWUP30,,,,,,,,ACCUP40,,SPDUP30,ACCUP30,TREAUP30,RECOVERY10,,,,,,,,,,,,,,,,,
POPSICLE,,,,,,,,,,,,,,,,,,,,,,,ELEMUP20,,,,,,,,,TREAUP10,,,,,,POISON,,,,,,,,,,,,,,,,GUARDUP30,,,,,MGUARDUP20,,,,,,,,,,,,,,SCAPEGOAT,,,DEATHMARCH,,,,,STINKY,,,,,,,,,,,,POWUP20,,,,,,,,,,,ACCUP20,ELEMUP30,,,,,,,TREAUP20,,,,,,,,ELEMUP20,,,,,,,RECOVERY5,,,,,,,,,,,,,,GUARDUP30,,,,,,,,GOLDUP40,,,ELEMUP30,,SPDUP30,ACCUP30,TREAUP30,RECOVERY10,,,,,,,,,,,,,,,,,
BAYONET,,,,,,,,,,,,,,,,,,,,,,,,,,,,,,,,,,,,,,,POWUP20,POWUP20,,,,,,,,,,,,,,,,,,POWUP20,,,,,,COUNTER,,,,,,,,,SCAPEGOAT,,ACCUP20,DEATHMARCH,,,CRITUP20,,STINKY,,,,,,SPDUP20,MGUARDUP20,,,,,,POWUP20,ACCUP20,,,,,POWUP20,,,,,,GUARDUP20,,,,ACCUP20,,,,,,,,,,,,,,,,,,,GUARDUP30,,,,,,,,,,,,,,,,,,,,,,,,,SPDUP30,ACCUP30,TREAUP30,RECOVERY10,,,,,,,,,,,,,,,,,
REAPER,,,,,,,,,POWUP10,,,,CRITUP10,,,,,,,,,,,,,,,,,,,,POWUP20,,ACCUP10,BIDE,,,,,POWUP20,,,,,,,,,,,,,,,,,,,,,,POWUP20,,,,,,,POWUP30,,ACCUP20,SCAPEGOAT,ACCUP20,SPDUP20,DEATHMARCH,,,,POWUP20,STINKY,,,MGUARDUP20,SPDUP20,,,,,,,,,,,,GUARDUP20,,,,POWUP20,,SPDUP20,ACCUP20,,,,,,,,,,,,,,,,,,,,,,,,MACH_HIT,,,,,,,,,,KILLER,,,,,,,,KILLER,,,,,,,,SPDUP30,ACCUP30,TREAUP30,RECOVERY10,,POWUP20,,,,SPDUP30,,,,,,,,,,,
GOLDDICE,CHANCE,CHANCE,CHANCE,CHANCE,CHANCE,CHANCE,CHANCE,CHANCE,CHANCE,CHANCE,CHANCE,CHANCE,CHANCE,CHANCE,CHANCE,CHANCE,CHANCE,CHANCE,CHANCE,CHANCE,CHANCE,CHANCE,CHANCE,CHANCE,CHANCE,CHANCE,CHANCE,CHANCE,CHANCE,CHANCE,CHANCE,CHANCE,CHANCE,CHANCE,CHANCE,CHANCE,CHANCE,CHANCE,CHANCE,CHANCE,CHANCE,CHANCE,CHANCE,CHANCE,CHANCE,CHANCE,CHANCE,CHANCE,CHANCE,CHANCE,CHANCE,CHANCE,CHANCE,CHANCE,CHANCE,CHANCE,CHANCE,CHANCE,CHANCE,CHANCE,CHANCE,CHANCE,CHANCE,CHANCE,CHANCE,CHANCE,CHANCE,CHANCE,CHANCE,CHANCE,CHANCE,CHANCE,CHANCE,CHANCE,CHANCE,CHANCE,CHANCE,CHANCE,CHANCE,CHANCE,CHANCE,CHANCE,CHANCE,CHANCE,CHANCE,CHANCE,CHANCE,CHANCE,CHANCE,CHANCE,CHANCE,CHANCE,CHANCE,CHANCE,CHANCE,CHANCE,CHANCE,CHANCE,CHANCE,CHANCE,CHANCE,CHANCE,CHANCE,CHANCE,CHANCE,CHANCE,CHANCE,CHANCE,CHANCE,CHANCE,CHANCE,CHANCE,CHANCE,CHANCE,CHANCE,CHANCE,CHANCE,CHANCE,CHANCE,CHANCE,CHANCE,CHANCE,CHANCE,CHANCE,CHANCE,CHANCE,CHANCE,CHANCE,CHANCE,CHANCE,CHANCE,CHANCE,CHANCE,CHANCE,CHANCE,CHANCE,CHANCE,CHANCE,CHANCE,CHANCE,CHANCE,CHANCE,CHANCE,CHANCE,CHANCE,CHANCE,CHANCE,CHANCE,CHANCE,CHANCE,CHANCE,CHANCE,CHANCE,CHANCE,CHANCE,CHANCE,CHANCE,CHANCE,CHANCE,CHANCE,CHANCE,CHANCE,CHANCE,CHANCE,CHANCE,CHANCE,CHANCE,CHANCE,CHANCE,CHANCE,CHANCE,CHANCE,CHANCE,CHANCE
8HANDER,,,,,,,,,,,,,,,,,,,MGUARDUP10,,,,,,,,,,,,,,,,,,,,,,,,,,,,POWUP20,,,,,,,,,,SPDUP20,,,,MGUARDUP10,,,,,,,,,,,,SCAPEGOAT,,MGUARDUP20,DEATHMARCH,,,,,STINKY,,,,,,,,,,,,,,,,,,,,,,,,,,,,,,,,,,,,,,DEMONDASH,,,,,,,,,GUARDUP30,GUARDUP20,,,,,,,,,,,,,,,SPDUP30,,,SPDUP40,,FENG_SHUI,,,,ACCUP30,SPDUP30,ACCUP30,TREAUP30,RECOVERY10,,,,,,,,,,,,,,,EXPUP20,,
RATTLE,,,,SLOWHIT,,,,,,,,,,,,,TREAUP10,,,,,,,,,SLOWHIT,,,,,,,,,SLOWHIT,,,,,,,,,,,,,,,,,,CRITUP30,,,,,,,,,,,,,,,,,,,,SCAPEGOAT,,,DEATHMARCH,,SPDUP20,,,STINKY,,,,,,,,,,,,,,,,SPDUP20,,,,,,,,,,,MGUARDUP20,,,SPDUP30,,,,,,,,,,,,,,,,,,MGUARDUP30,,,,,,,,,,,,HEALER,,,,,,,,,,,,,SPDUP30,ACCUP30,TREAUP30,RECOVERY10,,,,,,,,,,,,,ACCUP40,,,LUCK_UP,
STRAWMAN,,,,,,,,,,,,,,,,,,,,,,,,,,,,,,,,,SCAPEGOAT,,PARALYSE,WEAKNESSUP,,,,,,,ACCUP10,,,,,,,,,,,,,,,,,,,SCAPEGOAT,,,,,,,,ACCUP20,,,SCAPEGOAT,ELEMUP20,CRITUP20,DEATHMARCH,,,,,STINKY,,ACCUP30,,,,,,,,,,,,,,,,,,,,,,,,,,,,,,,,,,,,,,,,,,,,ELEMUP20,,,,,,,,,,,ELEMUP20,,BIDE,,,,,,,,,,,,,,SPDUP30,ACCUP30,TREAUP30,RECOVERY10,,,,,,,,,,,,,,,ELEMUP40,,
CARROT,,,,PETUP50,,,,,,,,,,,,,,,,,,,,,,,PETUP30,,,,,,,,,,,,,,,,TREAUP20,,,,,EXP_FARMER,,,,,,,,,,,,,,RECOVERY2,,,,,,,,,,,SCAPEGOAT,,,DEATHMARCH,,,,,STINKY,,,,,,,,,,,,,,,,,,,,,,,,,,,,,,,,,,POWUP20,,,,EXPUP10,,,,,,,,,,,,,,,,,,,,,,,,,,POWUP30,,,,ACCUP20,,,,,SPDUP30,ACCUP30,TREAUP30,RECOVERY10,,,,,,,,,PETUP30,,,,,,,,
BAZOOKA,,,,,POWUP10,,,,,,,,,,,,,,,,,,,,,,,,POWUP20,,,,,,,,,,,POWUP20,,,,,ACCUP20,,,,,,,,,,,,,,,,,,,RETALIATE,,,,,POWUP20,,,,SCAPEGOAT,,,DEATHMARCH,,,,,STINKY,,,,,,POWUP30,SPDUP20,,,,,,,,,,,,POWUP20,,,,,,,,,POWUP10,,,,,,,,,,,,POWUP30,,,,,,,,,,ACCUP20,,,,,,,,,,,,ACCUP30,,,,,,,,,,,SPDUP30,ACCUP30,TREAUP30,RECOVERY10,,,,,POWUP30,,,ACCUP30,,,,,,,,,
HOLYSTAF,,,,,,,,,,,ACCUP10,,ACCUP10,,,ACCUP10,ACCUP10,,,,,,,,ACCUP10,,,,,,,,,,,,,,,,,,,,,,,,,,,,,,,,,,,,,,,,POWUP30,,,,,,POWUP30,,SCAPEGOAT,,,DEATHMARCH,,,,,STINKY,,,,POWUP20,ACCUP30,,,,,,,,,SPDUP20,GUARDUP30,,POWUP30,,TREAUP20,,,ACCUP20,,,GUARDUP30,,,,,,,,,,,,,,,,POWUP30,,,,,,,,,,,,,,,,,,,,ACCUP20,,,,,,,AVOID_RISK,,POWUP20,,,SPDUP30,ACCUP30,TREAUP30,RECOVERY10,,,,,POWUP30,,,,,,,,,,,,
GOLFCLUB,,,,,,,ACCUP20,,,,,,,,ACCUP20,,,,,,,,,,,,,,,,,,,,,,,,,,,,POWUP30,,,,,,,,,,,,,,,POWUP30,,,,POWUP20,,GUARDUP20,,,,,POWUP30,,,,SCAPEGOAT,,,DEATHMARCH,,,,,STINKY,,,,,,,,,,ACCUP20,,GUARDUP20,,,POWUP20,,,MGUARDUP20,,,,,,,GUARDUP20,,,POWUP30,,,,,,,,,,,,,,,,,,,,GUARDUP30,,,,,,,,,,,,,,,,,,,,,GOLDUP40,,,,SPDUP30,ACCUP30,TREAUP30,RECOVERY10,,,POWUP20,,POWUP30,,,,,,,,,,,,
GRABBER,,,,,,ANALYSIS,,,,,,,,,,,,,,,,,,SLOWHIT,,,,,,,,,,,,,,,,,,,,,,POWUP20,,,,,,,,,,,,,,,,,,,,,,,,,,,SCAPEGOAT,,,DEATHMARCH,POWUP20,,,,STINKY,,,,,,,,,GUARDUP20,SPDUP30,,,,,,,,,ACCUP20,,,,,,,,,,,SPDUP30,,,,,,,,,,,,,,,,,ACCUP30,ACCUP30,,,,,,,,,,,,,,,,,,ACCUP40,,,,SURPRISE,,,SPDUP30,ACCUP30,TREAUP30,RECOVERY10,,,ACCUP20,,,,,,,,,,,,,,
STUNGUN,,,,,,,ELEMUP10,,,,,,,,,,,,,,,,,,,,,,,,,,,,,,,,,,,,,,,ELEMUP30,,,,,,,,,,,,,,,,,,,ELEMUP30,,,,,,,,SCAPEGOAT,,,DEATHMARCH,ELEMUP30,,,,STINKY,,,,,,,,,,,POISON,,,,,,ACCUP30,RECOVERY10,,,,,,,,,,,,,,,,,MGUARDUP20,,,,,PETUP50,,,,,,,,,,,,,,,,,,,,,,,,,,,,,,,,,SPDUP30,ACCUP30,TREAUP30,RECOVERY10,,,,,,,,ELEMUP30,,,,PETUP50,DEMONDASH,,,,
CRYSTAL,,,,,,,,,,,,,,,,,,,,,,,,,,,,,,,,,MGUARDUP20,,MAGIC_HIT,,MAGIWALL,,,,,,,,,,,,,,,,ABSORPTION,ELEMUP20,,,,,ACCUP20,ELEMUP30,,,,,,TREAUP10,ELEMUP20,,,,,,SCAPEGOAT,MGUARDUP20,,DEATHMARCH,,,,,STINKY,,,,,,MGUARDUP20,,,,,SPDUP20,,,,,,,,SPDUP20,,MGUARDUP20,,MGUARDUP20,,,MGUARDUP30,,,,,MGUARDUP20,,,,,,,,ACCUP10,,,,,,,,,MGUARDUP30,,,,,,,,,,,,ELEMUP20,,,,,,,AVOID_RISK,MGUARDUP40,,,,,SPDUP30,ACCUP30,TREAUP30,RECOVERY10,,ELEMUP30,,,,,ACCUP30,,,,,,,,ACCUP40,,
COCKER,,,,,POWUP10,,,POWUP10,,,,,,,,,,,,,,POWUP20,,,,,,POWUP20,POWUP20,,,,,,,,,,,POWUP20,,,,,POWUP20,,,,,,,,,,POWUP30,,,,,,,,,GUARDUP30,,,,,GUARDUP30,,,,SCAPEGOAT,,,DEATHMARCH,,,,,STINKY,ACCUP20,,,,,POWUP30,CRITUP20,,,,,,,ACCUP20,,,,,,,,,,,GUARDUP30,GUARDUP20,,POWUP30,CRITUP20,,,POWUP20,,,,,,,POWUP20,,,,,,,,,GUARDUP30,,POWUP30,,,,,,,,,,,,,,,,,,,POWUP30,CRITUP30,,,SPDUP30,ACCUP30,TREAUP30,RECOVERY10,,,,,POWUP30,,,,,,,,POWUP30,,,,
SCORPION,,,,,,,,,,,,POWUP20,,,,,,,,,,,,,POWUP30,,,,,,ACCUP20,,,,,,,CRITUP30,,,POWUP20,,,,,,,,,,,,,,POWUP30,POWUP20,,,,,,,,,,NO_GUARD,,,,,POWUP30,,SCAPEGOAT,,ACCUP30,DEATHMARCH,,,,,STINKY,,,,SPDUP30,CRITUP30,,,POWUP30,,,,,SPDUP20,,,,SPDUP20,,,,,ACCUP30,,,,,,,,,,,,,,,,,,,,,,,,,,,ANALYSIS,POWUP30,,,,,,,,,,,,,,,,,,POWUP30,,,,,SPDUP30,ACCUP30,TREAUP30,RECOVERY10,,,,,,,,,,,,,,,,,
IRONCLAW,,,,,,,,POWUP10,,,POWUP10,,ACCUP20,,,,,,,,,,,,,,,,,CRITUP20,,,,PETUP30,,,,ACCUP20,,POWUP20,,,,,,,,,,,,,,,POWUP20,,,,,,,,,,ACCUP20,,,,,,,,SCAPEGOAT,,,DEATHMARCH,,,PETUP30,,STINKY,,,,,,,,,,POWUP20,,POWUP10,,,,,,,,,,SPDUP20,,,,,,,,,,,,,,,,,,,ACCUP10,,,,,,PETUP50,,,,,,,,,,,,,,SPDUP20,,,,POWUP20,,,,,,,,SPDUP30,ACCUP30,TREAUP30,RECOVERY10,,,,,POWUP10,,,,,,,,,,,,
KATANA,,,,,,,,,,,,,,,,,,,,,,,,,,,,,,,,,POWUP10,,,,,,,,,,,,,,,,POWUP10,,,,,,,,,,,,,,,,,,,,,,,,SCAPEGOAT,,,DEATHMARCH,,,PETUP50,,STINKY,,,,,,,,,,,,,,,,,,,,POWUP20,,,,,,,,,,,,,,,,,,,,,,,,,,,,GUARDUP20,,,,POWUP20,SPDUP30,,,,,,,,,,,,,,ACCUP40,,,ACCUP30,,,SPDUP30,ACCUP30,TREAUP30,RECOVERY10,,,,,,,,,,,,,,,,,
CARD,,GOLDUP10,,LUCK_UP,,CHANCE,,,,,,CHANCE,,,,,GOLDUP10,,,,,,,,,,,,,,,,CHANCE,,,,,,,,CHANCE,,,,,,,,,,,,,GOLDUP20,,,,,,,,,,,,GOLDUP20,,,,,,,SCAPEGOAT,,,DEATHMARCH,,GOLDUP30,,,STINKY,,,,,,,,,CHANCE,,,,,,,,,,CHANCE,CHANCE,,,,,,,,,,CHANCE,,,,,,,,,,,,,,CHANCE,CHANCE,,,,CHANCE,,,,,,,,,,,BODYSLAM,,,,,,,,,,,DEVIL_LUCK,,SPDUP30,ACCUP30,TREAUP30,RECOVERY10,CHANCE,,,,,,,,,,,,,,,,
HOSE,,,,,,,,,,,,,,,,,,,,,,,,POWUP20,ACCUP20,,,,,,,,,,,,POWUP30,,,,,,,ACCUP20,,,,,,,,PETUP30,,,,,,,,,,,,POWUP20,,,,,,,,,SCAPEGOAT,,,DEATHMARCH,,,,,STINKY,,,,,,,,,,,,,,,,,,,,,,,,,,,,,,SPDUP20,,,ELEMUP20,,,,,,,,,,,,,POISON,,,,,,,,,,,,,,DEVIL_LUCK,,,POWUP20,,,,,ELEMUP40,,,,,SPDUP30,ACCUP30,TREAUP30,RECOVERY10,RECOVERY2,,,,,,,,ACCUP30,,,,,,,,
DEFENDER,,,,,,,,,,,,,,GUARDUP20,GUARDUP10,,,,,,,MGUARDUP10,MGUARDUP10,,,,,GUARDUP20,,,,,,,,,,,POWUP20,,,,,,,,,,ACCUP20,,,,,,,GUARDUP20,,POWUP10,,,,,,,,,,EXPUP10,,,,,SCAPEGOAT,,,DEATHMARCH,,,CRITUP20,,STINKY,,,,,,,,,,,,,,,GUARDUP10,,,,,,,SPDUP20,,,GUARDUP10,,,,,,,,,,,,,,,,,,,,POWUP20,,GUARDUP20,GUTS,,,,,,,,,,,,,,,,,,GUARDUP20,,,,,,,SPDUP30,ACCUP30,TREAUP30,RECOVERY10,,,,,,,,,GUARDUP20,MGUARDUP20,,GUARDUP30,,,,,
DARKNIFE,,,,,,,,,POWUP20,,,,,,,,,,,,,,,,,,,,,,,,,,,,,,,,ELEMUP10,,,,,,,,PETUP50,,,,,,,,,,,,,,,,,,,NO_GUARD,,,,,SCAPEGOAT,ELEMUP20,,DEATHMARCH,,,POWUP10,,STINKY,,,,,CRITUP20,,,,,,,,,,,SPDUP20,,,,,,,,POWUP20,,,,,,,,,,,,,,,,,,,,,POWUP10,,POWUP20,,ABSORPTION,,,,POWUP30,,,,,MGUARDUP20,WEAKNESSUP,,,,,,,,,,,,,,SPDUP30,ACCUP30,TREAUP30,RECOVERY10,,,,POWUP20,,,,,,,,,,,,,
BOUQUET,,GOLDUP20,,ACCUP20,,,,POWUP30,,,,,ELEMUP30,ABSORPTION,GROUNDED,,LUCK_UP,ACCUP30,,,,,,,,,,,,,,,,,,,PETUP30,,,,,,,,,,,,,,,,,,,,,,,,,,,,,SPDUP20,,,,,,,SCAPEGOAT,,ELEMUP30,DEATHMARCH,,,,,STINKY,,,,,,,,,,,,,,,,,,,,,,TREAUP20,,,,,,,,,,,,,,GOLDUP30,,,,,,MGUARDUP20,,,,,,,POWUP20,,PARALYSE,,,,,,,,,,,EXPUP20,,SURPRISE,,,,,,,,,SPDUP30,ACCUP30,TREAUP30,RECOVERY10,EXPUP20,,,,,,CRITUP30,,,,ELEMUP30,,,,,,
BROOM,,,,,SPDUP30,,,,,,,TREAUP10,,,,,POWUP20,,,,,,,,,,,,,,,,,,,,,SPDUP20,,,,,POWUP30,,,,,,,,,,LUCK_UP,,,,,,,,,,,,,,,,,ACCUP30,,,SCAPEGOAT,,,DEATHMARCH,,,,,STINKY,,,,,,,,,,,,,,,SPDUP20,,,,,,,MGUARDUP20,,,,,,,,,,,,,,,,ACCUP30,,,SURPRISE,,,,,,,,,,,,,,,SPDUP20,GOLDUP30,ANALYSIS,,,,,,,,,,,,,,ACCUP30,SPDUP30,ACCUP30,TREAUP30,RECOVERY10,,,,,,,,,,,,,,,GOLDUP30,,
SCISSORS,,,,,,POWUP20,,,,,ACCUP20,,CRITUP20,,,,,POWUP30,,,,,,,,,,,,NO_GUARD,,,,,,,,,,,,,,,,,,,,,,,,,,,,,,,,,,,,,,,,ARMTWISTER,,,SCAPEGOAT,,,DEATHMARCH,,,CRITUP20,,STINKY,,,,,,,,,,PETUP30,,,,,,,,,,,,,,POWUP20,,,,,,,,,,,,,,,,,,CRITUP20,,,,,COUNTER,,,,,,,ACCUP20,CRITUP20,,,GOLDUP20,,,POWUP10,,,SPDUP20,NO_GUARD,,,,,,,,SPDUP30,ACCUP30,TREAUP30,RECOVERY10,ACCUP20,,,,,,,,,,,,,,,,
BOLTCANE,,,,,,,ELEMUP20,,,,,,,,,POWUP20,,,,,,,,,,,,,,,,,,,,,,,,,,EXPUP20,,,,,,,,,,,,,,ANALYSIS,,,,,,,,,,,ELEMUP30,,,,,,SCAPEGOAT,MGUARDUP20,,DEATHMARCH,,,,,STINKY,,MGUARDUP30,,,,,,,,,,,,,,,CRITUP30,ABSORPTION,,,,,,,,,EXPUP10,,,,,,,,POWUP20,,,,,GUARDUP20,,,,,,,,,ELEMUP20,,,,,,,,,PARALYSE,,,,,,,,,,,,,,,SPDUP30,ACCUP30,TREAUP30,RECOVERY10,,,,,,,,,,,ACCUP20,,,,,,
BRUSH,,,,,,,,,,,,,,LUCK_UP,,,,,,ELEMUP20,,,,SPDUP20,,,,,,,,POWUP30,,,,,,RETALIATE,,,,EXPUP20,,,,,,,,,ELEMUP30,,,SPDUP20,,,,,,,,,,COUNTER,,,,,,,,,SCAPEGOAT,,,DEATHMARCH,,CRITUP20,,,STINKY,,,,,,,,,,,,POWUP30,,,,,,,,,,,,,,,,,,,,,,,,,,,,,,,MGUARDUP20,,POWUP20,,,,,,,,,,,,,,,,,,,,,,,,,,,,SPDUP30,ACCUP30,TREAUP30,RECOVERY10,CRITUP20,,,,,,,,,,ELEMUP20,,,,,,
NITEDICE,CHANCE,CHANCE,CHANCE,CHANCE,CHANCE,CHANCE,CHANCE,CHANCE,CHANCE,CHANCE,CHANCE,CHANCE,CHANCE,CHANCE,CHANCE,CHANCE,CHANCE,CHANCE,CHANCE,CHANCE,CHANCE,CHANCE,CHANCE,CHANCE,CHANCE,CHANCE,CHANCE,CHANCE,CHANCE,CHANCE,CHANCE,CHANCE,CHANCE,CHANCE,CHANCE,CHANCE,CHANCE,CHANCE,CHANCE,CHANCE,CHANCE,CHANCE,CHANCE,CHANCE,CHANCE,CHANCE,CHANCE,CHANCE,CHANCE,CHANCE,CHANCE,CHANCE,CHANCE,CHANCE,CHANCE,CHANCE,CHANCE,CHANCE,CHANCE,CHANCE,CHANCE,CHANCE,CHANCE,CHANCE,CHANCE,CHANCE,CHANCE,CHANCE,CHANCE,CHANCE,CHANCE,CHANCE,CHANCE,CHANCE,CHANCE,CHANCE,CHANCE,CHANCE,CHANCE,CHANCE,CHANCE,CHANCE,CHANCE,CHANCE,CHANCE,CHANCE,CHANCE,CHANCE,CHANCE,CHANCE,CHANCE,CHANCE,CHANCE,CHANCE,CHANCE,CHANCE,CHANCE,CHANCE,CHANCE,CHANCE,CHANCE,CHANCE,CHANCE,CHANCE,CHANCE,CHANCE,CHANCE,CHANCE,CHANCE,CHANCE,CHANCE,CHANCE,CHANCE,CHANCE,CHANCE,CHANCE,CHANCE,CHANCE,CHANCE,CHANCE,CHANCE,CHANCE,CHANCE,CHANCE,CHANCE,CHANCE,CHANCE,CHANCE,CHANCE,CHANCE,CHANCE,CHANCE,CHANCE,CHANCE,CHANCE,CHANCE,CHANCE,CHANCE,CHANCE,CHANCE,CHANCE,CHANCE,CHANCE,CHANCE,CHANCE,CHANCE,CHANCE,CHANCE,CHANCE,CHANCE,CHANCE,CHANCE,CHANCE,CHANCE,CHANCE,CHANCE,CHANCE,CHANCE,CHANCE,CHANCE,CHANCE,CHANCE,CHANCE,CHANCE,CHANCE,CHANCE,CHANCE,CHANCE,CHANCE,CHANCE,CHANCE,CHANCE,CHANCE,CHANCE
PENCIL,,,,,,,ACCUP20,,,EXPUP10,,,,,,,,,COUNTER,,BIGDEFENSE,,,,,,,,,,,,,,,,,,,,,,,,,,,,,,,,ACCUP20,,,EXPUP20,,,,,,,,,,,,,,,MACH_HIT,,SCAPEGOAT,,,DEATHMARCH,,,,,STINKY,,,,,,,,,,,,,,,,,,,,EXPUP20,,,POWUP20,,,,,,,,,,,,,,,,,,,MACH_HIT,,,,GUTS,,,,,SUPERMACH,,,POWUP30,CRITUP30,,ACCUP20,,,,,,,,,,,,,,,,SPDUP30,ACCUP30,TREAUP30,RECOVERY10,,,,,,,,,,,,,,,,,
MAGICWND,,,,,,,,,,,,,,,MGUARDUP20,,,,,,,ELEMUP20,ELEMUP20,,,,,,,,,,,,,,SLOWHIT,,,,,,,,,ACCUP20,,,,,,,HEALER,,,,,,,ELEMUP30,,,,,,,ELEMUP30,,,,,,SCAPEGOAT,PETUP50,,DEATHMARCH,,,,,STINKY,,,,,,,,,,,,,,,,,,,,,,GOLDUP10,,,,,,,,,,,,,,,,,,,,,,,,,,,REFLECT,,,,,,,ACCUP30,,MGUARDUP30,ELEMUP20,,,,,,,,,,,,,,SPDUP30,ACCUP30,TREAUP30,RECOVERY10,,,,,,,,,,,WEAKNESSUP,,,,ELEMUP20,,
LOLLIPOP,,RECOVERY10,,GUARDUP20,,,,,,,,,,,,,SPDUP20,,,MGUARDUP10,,,,,,,,,,,,POWUP30,,,,,,DEVIL_LUCK,,,,GOLDUP40,,,,,,,,,,,,,,,,,GUARDUP20,,,,,,,,,,,,,,SCAPEGOAT,,,DEATHMARCH,,,,,STINKY,,,,,,,,,,,JAMMY,,,,,,,,,,,,,,,,TREAUP10,,,SPDUP20,,,,,,,GOLDDIGGER,,POWUP30,,UNFAIR,,,,EXPUP20,,,,,,,,,,,,,,,JAMMY,,,,,,SPDUP20,,,,,,,SPDUP30,ACCUP30,TREAUP30,RECOVERY10,POWUP20,,,,,,,,,,,,,,,,
UMBRELLA,,,,,,,,,,,,,,,,,,,,,,,,ELEMUP30,,,,,,,,,,,,,,,,,,,,,,,POWUP30,,,,,,,,,,,,,,,,,GUARDUP40,,,,,,,,,SCAPEGOAT,,,DEATHMARCH,,,,,STINKY,,,,,,,,,REFLECT,,,,,,,,NO_GUARD,,,,,,,,,,,,,,,,,,,GUARDUP20,,,,,,,ELEMUP40,,,,,,,,,,,,,,,,,,,,,,,SPDUP30,,GUARDUP30,ACCUP20,,,POWUP40,SPDUP30,ACCUP30,TREAUP30,RECOVERY10,,,,,,,,,,,,,,,,,
LASERGUN,,,,,,,,,,,,,ACCUP20,,,ACCUP20,,,,,,,,,,,,,,,,,,,,,,ACCUP30,,,,,POWUP30,,,ACCUP30,,,,,,,SPDUP20,,,,,,,,,,,,,,,,,UNFAIR,,,SCAPEGOAT,CRITUP10,,DEATHMARCH,,,,,STINKY,ACCUP30,,,,ACCUP30,,,,,,,,,,,,,ELEMUP20,,,,,,,,,,,,CRITUP30,,,,,,,,,,,,,,,,,,,,ELEMUP40,,,,,,,,,,,,,,,,,,,,,,,SPDUP30,ACCUP30,TREAUP30,RECOVERY10,,,,,,,,,,,,POWUP20,POWUP40,,,,
PENKNIFE,,,POWUP40,,,,,,,,,,,,,,ACCUP30,,,,,,,,,,,,,RETALIATE,POWUP30,,,,,,,,,,,,,,,,,,,,,,,,POWUP20,,,CRITUP20,,,,,,,,,,GUARDUP20,,,,,SCAPEGOAT,,,DEATHMARCH,,,POWUP30,,STINKY,,,,,,,,,GUARDUP30,,,,ACCUP10,,POWUP30,,,,,,,SPDUP30,,,GUARDUP40,,,,,,,,,,,,,,,,,,,,,,POWUP20,MGUARDUP20,,,,,,,,,,,,,,,,,NO_GUARD,,,,,,,,SPDUP30,ACCUP30,TREAUP30,RECOVERY10,ACCUP20,,,,,,,,,,,,,,,,
BUSTER,,,,,,POWUP20,,POWUP30,,,,,,,,,,POWUP20,,,GUARDUP10,,,,,,,GUARDUP30,,BODYSLAM,,,,,,,,,GUARDUP30,,,,,,ARMTWISTER,,,,POWUP30,,,,,,,,,POWUP30,,,,,,,,,,,,,,COUNTER,SCAPEGOAT,,,DEATHMARCH,,,GROUNDED,,STINKY,,,,,,,,,,,,,,,ACCUP30,,,,,POWUP20,,,,POWUP20,,,,,,,,,,,,,,,,,,,,,,,ACCUP30,,,POWUP30,,,,POWUP20,POWUP20,,,,,,,,,,,,,,,,,,SPDUP30,ACCUP30,TREAUP30,RECOVERY10,,,,POWUP20,,,,,,,,,,,,,
KUNAI,,,,,,ACCUP30,,,,,GUARDUP20,SPDUP20,COUNTER,,,,,,,,,,,,,,,,,,ACCUP30,,,,,,,,,,ACCUP30,,,,,,,,,,,,,,POWUP30,SPDUP20,,,,,,,,,,ACCUP30,,,,,MACH_HIT,,SCAPEGOAT,,,DEATHMARCH,,,BIDE,,STINKY,,,,,CRITUP30,,,,,,,,,,,,,,,,,ACROBAT,,ACCUP20,,,,,,,,,,,,,,,,,,MACH_HIT,,,,,,,SPDUP30,,POWUP30,,,,,,DEVIL_LUCK,,,,,,,,CRITUP20,,,,,,,,SPDUP30,ACCUP30,TREAUP30,RECOVERY10,,,,,,CRITUP30,,,,,,,,,ACCUP30,,
SET_SQR,,,,,,POWUP20,,,,,,,,,ACCUP30,,,,,,,ANALYSIS,ANALYSIS,,,,,,,,,,,,,POWUP20,,,,,,,ACCUP20,,,,POWUP10,,,,,,,,,POWUP30,,,,SPDUP20,,,,,,,,,,,,,SCAPEGOAT,,,DEATHMARCH,,,,,STINKY,,MGUARDUP40,,,,,,,,,,,,,,,,,SPDUP20,,,,,,,,,,UNFAIR,,,,,RECOVERY5,,,,,,POWUP30,,MADMAN,,,,,,,,,CRITUP40,,,,,,,,,,,,,,,,,,,,,,SPDUP30,ACCUP30,TREAUP30,RECOVERY10,,,,,,,,,,,,,,,,,
FOXTAIL,,,,,,,,,,POWUP30,,,,COUNTER,,,,,GUARDUP30,CRITUP20,,,,,,GROUNDED,,,,,,,,POWUP30,,,,SPDUP20,,,,,,LUCKY,EXPUP10,,,GUARDUP20,,,,,,,,,,,,,,GUARDUP30,,,,,,,,,SPDUP20,,SCAPEGOAT,,,DEATHMARCH,,,,,STINKY,,,,,,,,RETALIATE,,,,,,,,,,,,,,DEVIL_LUCK,,,,,,,,,,,,,,SPDUP20,,SPDUP20,,,,,,,,,,,,,,,,,,,TREAUP20,,,,,SPDUP20,,,ACCUP20,,,,,,,,SPDUP30,ACCUP30,TREAUP30,RECOVERY10,,,,,,,,,,,,,,,,,
DUCKWHIP,,,,GUARDUP20,,,,,,,,,CRITUP20,,,ACCUP20,,,,,,,,,POWUP10,,,,,,,,,,MGUARDUP10,,,,GUARDUP20,,,,,,,,,,,,ACCUP20,,,,,,,,,,,,,,POWUP10,,,,,,,,SCAPEGOAT,,,DEATHMARCH,,POWUP20,,,STINKY,,,,,KILLER,,,,,,,POWUP20,,,,,,,ACCUP10,,,SPDUP20,,,,,CRITUP30,,UNFAIR,,,,,,,,,,,,,,,,,,,,,,,,,,,,,,,,,,,,,,,,,,,,SPDUP30,ACCUP30,TREAUP30,RECOVERY10,,,,,,,,,,SPDUP10,,,,,,,
CUTLASS,,,,,ACCUP30,,,,,,POWUP20,,,,,GUARDUP20,,,,,,,,,,,SPDUP30,,,ARMTWISTER,,,POWUP20,,,,,,,POWUP20,,,,,,,,,POWUP20,,,,,,POWUP20,,,,,,,,,,,,,GUARDUP20,,,,,SCAPEGOAT,,,DEATHMARCH,,,PETUP50,,STINKY,,,,,,,,,,,,,SPDUP20,,CRITUP20,,,,,POWUP30,,,,,,,,,,,,,,,,,,,,,,,,,POWUP30,,GROUNDED,,,,,ACCUP40,POWUP20,,,,,,,,EXPUP20,,,,MACH_HIT,,,,,,,,SPDUP30,ACCUP30,TREAUP30,RECOVERY10,,,,BIDE,,,,,,,,,,,,,
THORNWHP,,,,,,,,,DEVIL_LUCK,,,CRITUP20,,,,,,,GUARDUP30,,,,,,,EXPUP30,,,,,POWUP20,,,BODYSLAM,,,MADMAN,,,GUARDUP30,,,,ACCUP20,,,,,,POWUP30,,,,,,,MGUARDUP40,,,,POISON,,ACCUP30,,,,MGUARDUP30,,,,,,SCAPEGOAT,,MGUARDUP40,DEATHMARCH,,,,PETUP30,STINKY,,,,,,LUCKY,,GROUNDED,,,,,,PETUP50,,,,,,,,,,SPDUP20,,,,,,,,SLOWHIT,,GUARDUP40,,,,,,,,CRITUP30,,,,,,,WEAKNESSUP,,,,,,,,,,,,,,,POWUP40,,,,,,,,,SPDUP30,ACCUP30,TREAUP30,RECOVERY10,,,,,,,,,,,,,,,,,
TIGERSWD,,,,,,,,,,,,,,,,,,,,,KILLER,,,,,,,,,,,,,,,POWUP20,,,,,,,,,,,,,,,,,,,,,,,,,,,,,,ACCUP30,,,,SPDUP20,,,SCAPEGOAT,,,DEATHMARCH,,,POWUP30,,STINKY,,,RETALIATE,,,,,,,,,,,,,,,,,CRITUP40,,,,,GUARDUP30,,,,,,,,,,,,,,,,,,,,,,POWUP20,,,,,,,RETALIATE,COUNTER,,DEVIL_LUCK,,,,,,MGUARDUP20,,BIDE,,,,,,,,SPDUP30,ACCUP30,TREAUP30,RECOVERY10,,,,SURPRISE,,,,,,,,,,,,,
HALBERT,,,,,,,ACCUP30,,,,GUARDUP30,,,,,,,POWUP20,,,,,,,,ACCUP30,,,POWUP30,,,,,,,,,SPDUP20,,GUARDUP20,,,,,,,,,,,,,MGUARDUP40,,ARMTWISTER,,,POWUP30,,,,,,,,SPDUP30,,,,,,,SCAPEGOAT,,,DEATHMARCH,ACCUP30,,,,STINKY,,,,,,,,,GUARDUP20,,,,,,,SPDUP20,,,,,,,MGUARDUP30,,,,,POWUP20,,,,,,,,,,,POWUP20,ACCUP10,,,,ACCUP30,,,,GUARDUP40,,,,EXPUP30,POWUP30,,,,,,MGUARDUP20,,,,,,,,,,,,,,SPDUP30,ACCUP30,TREAUP30,RECOVERY10,,,,,,,,,,,,,,GUARDUP20,,,
ANGELARW,,ELEMUP40,,,,,ACCUP20,,,,,,,GUTS,,,ACCUP30,,,CRITUP30,,,,,,,,,,,,,,,,,,,,,,NO_GUARD,,,,,,,,,,,ELEMUP20,,,,,,GUARDUP20,,,,,,CRITUP10,CRITUP20,,,,,,,SCAPEGOAT,,,DEATHMARCH,,SPDUP30,,,STINKY,,,,,,,,,,,CRITUP30,POWUP30,,,,,,,,,SLOWHIT,,,,,,REFLECT,,,,,,,,,,,ANALYSIS,,,,,,,,,,,MADMAN,,,,,,,,,,,ACCUP40,,,EXPUP20,,ACCUP30,,CRITUP40,,,,,,SPDUP30,ACCUP30,TREAUP30,RECOVERY10,,,,,,,,,,,,,,,,,
